"id","province_id","name_th","name_en","status","created_on","created_by","updated_on","updated_by"
"0","0",,,"Y","2019-06-03 00:00:00","-","2019-06-03 00:00:00","-"
"1","1","เขต พระนคร","Phra Nakhon","Y","0000-00-00 00:00:00","-","0000-00-00 00:00:00","-"
"2","1","เขต ดุสิต","Dusit","Y","0000-00-00 00:00:00","-","0000-00-00 00:00:00","-"
"3","1","เขต หนองจอก","Nong Chok","Y","0000-00-00 00:00:00","-","0000-00-00 00:00:00","-"
"4","1","เขต บางรัก","Bang Rak","Y","0000-00-00 00:00:00","-","0000-00-00 00:00:00","-"
"5","1","เขต บางเขน","Bang Khen","Y","0000-00-00 00:00:00","-","0000-00-00 00:00:00","-"
"6","1","เขต บางกะปิ","Bang Kapi","Y","0000-00-00 00:00:00","-","0000-00-00 00:00:00","-"
"7","1","เขต ปทุมวัน","Pathum Wan","Y","0000-00-00 00:00:00","-","0000-00-00 00:00:00","-"
"8","1","เขต ป้อมปราบศัตรูพ่าย","Pom Prap Sattruphai","Y","0000-00-00 00:00:00","-","0000-00-00 00:00:00","-"
"9","1","เขต พระโขนง","Phra Khanong","Y","0000-00-00 00:00:00","-","0000-00-00 00:00:00","-"
"10","1","เขต มีนบุรี","Min Buri","Y","0000-00-00 00:00:00","-","0000-00-00 00:00:00","-"
"11","1","เขต ลาดกระบัง","Lat Krabang","Y","0000-00-00 00:00:00","-","0000-00-00 00:00:00","-"
"12","1","เขต ยานนาวา","Yannawa","Y","0000-00-00 00:00:00","-","0000-00-00 00:00:00","-"
"13","1","เขต สัมพันธวงศ์","Samphanthawong","Y","0000-00-00 00:00:00","-","0000-00-00 00:00:00","-"
"14","1","เขต พญาไท","Phaya Thai","Y","0000-00-00 00:00:00","-","0000-00-00 00:00:00","-"
"15","1","เขต ธนบุรี","Thon Buri","Y","0000-00-00 00:00:00","-","0000-00-00 00:00:00","-"
"16","1","เขต บางกอกใหญ่","Bangkok Yai","Y","0000-00-00 00:00:00","-","0000-00-00 00:00:00","-"
"17","1","เขต ห้วยขวาง","Huai Khwang","Y","0000-00-00 00:00:00","-","0000-00-00 00:00:00","-"
"18","1","เขต คลองสาน","Khlong San","Y","0000-00-00 00:00:00","-","0000-00-00 00:00:00","-"
"19","1","เขต ตลิ่งชัน","Taling Chan","Y","0000-00-00 00:00:00","-","0000-00-00 00:00:00","-"
"20","1","เขต บางกอกน้อย","Bangkok Noi","Y","0000-00-00 00:00:00","-","0000-00-00 00:00:00","-"
"21","1","เขต บางขุนเทียน","Bang Khun Thian","Y","0000-00-00 00:00:00","-","0000-00-00 00:00:00","-"
"22","1","เขต ภาษีเจริญ","Phasi Charoen","Y","0000-00-00 00:00:00","-","0000-00-00 00:00:00","-"
"23","1","เขต หนองแขม","Nong Khaem","Y","0000-00-00 00:00:00","-","0000-00-00 00:00:00","-"
"24","1","เขต ราษฎร์บูรณะ","Rat Burana","Y","0000-00-00 00:00:00","-","0000-00-00 00:00:00","-"
"25","1","เขต บางพลัด","Bang Phlat","Y","0000-00-00 00:00:00","-","0000-00-00 00:00:00","-"
"26","1","เขต ดินแดง","Din Daeng","Y","0000-00-00 00:00:00","-","0000-00-00 00:00:00","-"
"27","1","เขต บึงกุ่ม","Bung Kum","Y","0000-00-00 00:00:00","-","0000-00-00 00:00:00","-"
"28","1","เขต สาทร","Sa Thon","Y","0000-00-00 00:00:00","-","0000-00-00 00:00:00","-"
"29","1","เขต บางซื่อ","Bang Su","Y","0000-00-00 00:00:00","-","0000-00-00 00:00:00","-"
"30","1","เขต จตุจักร","Chatuchak","Y","0000-00-00 00:00:00","-","0000-00-00 00:00:00","-"
"31","1","เขต บางคอแหลม","Bang Kho Laem","Y","0000-00-00 00:00:00","-","0000-00-00 00:00:00","-"
"32","1","เขต ประเวศ","Prawet","Y","0000-00-00 00:00:00","-","0000-00-00 00:00:00","-"
"33","1","เขต คลองเตย","Khlong Toei","Y","0000-00-00 00:00:00","-","0000-00-00 00:00:00","-"
"34","1","เขต สวนหลวง","Suan Luang","Y","0000-00-00 00:00:00","-","0000-00-00 00:00:00","-"
"35","1","เขต จอมทอง","Chom Thong","Y","0000-00-00 00:00:00","-","0000-00-00 00:00:00","-"
"36","1","เขต ดอนเมือง","Don Mueang","Y","0000-00-00 00:00:00","-","0000-00-00 00:00:00","-"
"37","1","เขต ราชเทวี","Rat Thewi","Y","0000-00-00 00:00:00","-","0000-00-00 00:00:00","-"
"38","1","เขต ลาดพร้าว","Lat Phrao","Y","0000-00-00 00:00:00","-","0000-00-00 00:00:00","-"
"39","1","เขต วัฒนา","Watthana","Y","0000-00-00 00:00:00","-","0000-00-00 00:00:00","-"
"40","1","เขต บางแค","Bang Khae","Y","0000-00-00 00:00:00","-","0000-00-00 00:00:00","-"
"41","1","เขต หลักสี่","Lak Si","Y","0000-00-00 00:00:00","-","0000-00-00 00:00:00","-"
"42","1","เขต สายไหม","Sai Mai","Y","0000-00-00 00:00:00","-","0000-00-00 00:00:00","-"
"43","1","เขต คันนายาว","Khanna Yao","Y","0000-00-00 00:00:00","-","0000-00-00 00:00:00","-"
"44","1","เขต สะพานสูง","Saphan Sung","Y","0000-00-00 00:00:00","-","0000-00-00 00:00:00","-"
"45","1","เขต วังทองหลาง","Wang Thong Lang","Y","0000-00-00 00:00:00","-","0000-00-00 00:00:00","-"
"46","1","เขต คลองสามวา","Khlong Sam Wa","Y","0000-00-00 00:00:00","-","0000-00-00 00:00:00","-"
"47","1","เขต บางนา","Bang Na","Y","0000-00-00 00:00:00","-","0000-00-00 00:00:00","-"
"48","1","เขต ทวีวัฒนา","Thawi Watthana","Y","0000-00-00 00:00:00","-","0000-00-00 00:00:00","-"
"49","1","เขต ทุ่งครุ","Thung Khu","Y","0000-00-00 00:00:00","-","0000-00-00 00:00:00","-"
"50","1","เขต บางบอน","Bang Bon","Y","0000-00-00 00:00:00","-","0000-00-00 00:00:00","-"
"51","2","เมืองสมุทรปราการ","Mueang Samut Prakan","Y","0000-00-00 00:00:00","-","0000-00-00 00:00:00","-"
"52","2","บางบ่อ","Bang Bo","Y","0000-00-00 00:00:00","-","0000-00-00 00:00:00","-"
"53","2","บางพลี","Bang Phli","Y","0000-00-00 00:00:00","-","0000-00-00 00:00:00","-"
"54","2","พระประแดง","Phra Pradaeng","Y","0000-00-00 00:00:00","-","0000-00-00 00:00:00","-"
"55","2","พระสมุทรเจดีย์","Phra Samut Chedi","Y","0000-00-00 00:00:00","-","0000-00-00 00:00:00","-"
"56","2","บางเสาธง","Bang Sao Thong","Y","0000-00-00 00:00:00","-","0000-00-00 00:00:00","-"
"57","3","เมืองนนทบุรี","Mueang Nonthaburi","Y","0000-00-00 00:00:00","-","0000-00-00 00:00:00","-"
"58","3","บางกรวย","Bang Kruai","Y","0000-00-00 00:00:00","-","0000-00-00 00:00:00","-"
"59","3","บางใหญ่","Bang Yai","Y","0000-00-00 00:00:00","-","0000-00-00 00:00:00","-"
"60","3","บางบัวทอง","Bang Bua Thong","Y","0000-00-00 00:00:00","-","0000-00-00 00:00:00","-"
"61","3","ไทรน้อย","Sai Noi","Y","0000-00-00 00:00:00","-","0000-00-00 00:00:00","-"
"62","3","ปากเกร็ด","Pak Kret","Y","0000-00-00 00:00:00","-","0000-00-00 00:00:00","-"
"63","4","เมืองปทุมธานี","Mueang Pathum Thani","Y","0000-00-00 00:00:00","-","0000-00-00 00:00:00","-"
"64","4","คลองหลวง","khlong Luang","Y","0000-00-00 00:00:00","-","0000-00-00 00:00:00","-"
"65","4","ธัญบุรี","Thanyaburi","Y","0000-00-00 00:00:00","-","0000-00-00 00:00:00","-"
"66","4","หนองเสือ","Nong Suea","Y","0000-00-00 00:00:00","-","0000-00-00 00:00:00","-"
"67","4","ลาดหลุมแก้ว","Lat Lum Kaeo","Y","0000-00-00 00:00:00","-","0000-00-00 00:00:00","-"
"68","4","ลำลูกกา","Lam Luk Ka","Y","0000-00-00 00:00:00","-","0000-00-00 00:00:00","-"
"69","4","สามโคก","Sam Khok","Y","0000-00-00 00:00:00","-","0000-00-00 00:00:00","-"
"70","5","พระนครศรีอยุธยา","Phra Nakhon Si Ayutthaya","Y","0000-00-00 00:00:00","-","0000-00-00 00:00:00","-"
"71","5","ท่าเรือ","Tha Ruea","Y","0000-00-00 00:00:00","-","0000-00-00 00:00:00","-"
"72","5","นครหลวง","Nakhon Luang","Y","0000-00-00 00:00:00","-","0000-00-00 00:00:00","-"
"73","5","บางไทร","Bang Sai","Y","0000-00-00 00:00:00","-","0000-00-00 00:00:00","-"
"74","5","บางบาล","Bang Ban","Y","0000-00-00 00:00:00","-","0000-00-00 00:00:00","-"
"75","5","บางปะอิน","Bang Pa-in","Y","0000-00-00 00:00:00","-","0000-00-00 00:00:00","-"
"76","5","บางปะหัน","Bang Pahan","Y","0000-00-00 00:00:00","-","0000-00-00 00:00:00","-"
"77","5","ผักไห่","Phak Hai","Y","0000-00-00 00:00:00","-","0000-00-00 00:00:00","-"
"78","5","ภาชี","Phachi","Y","0000-00-00 00:00:00","-","0000-00-00 00:00:00","-"
"79","5","ลาดบัวหลวง","Lat Bua Luang","Y","0000-00-00 00:00:00","-","0000-00-00 00:00:00","-"
"80","5","วังน้อย","Wang Noi","Y","0000-00-00 00:00:00","-","0000-00-00 00:00:00","-"
"81","5","เสนา","Sena","Y","0000-00-00 00:00:00","-","0000-00-00 00:00:00","-"
"82","5","บางซ้าย","Bang Sai","Y","0000-00-00 00:00:00","-","0000-00-00 00:00:00","-"
"83","5","อุทัย","Uthai","Y","0000-00-00 00:00:00","-","0000-00-00 00:00:00","-"
"84","5","มหาราช","Maha Rat","Y","0000-00-00 00:00:00","-","0000-00-00 00:00:00","-"
"85","5","บ้านแพรก","Ban Phraek","Y","0000-00-00 00:00:00","-","0000-00-00 00:00:00","-"
"86","6","เมืองอ่างทอง","Mueang Ang Thong","Y","0000-00-00 00:00:00","-","0000-00-00 00:00:00","-"
"87","6","ไชโย","Chaiyo","Y","0000-00-00 00:00:00","-","0000-00-00 00:00:00","-"
"88","6","ป่าโมก","Pa Mok","Y","0000-00-00 00:00:00","-","0000-00-00 00:00:00","-"
"89","6","โพธิ์ทอง","Pho Thong","Y","0000-00-00 00:00:00","-","0000-00-00 00:00:00","-"
"90","6","แสวงหา","Sawaeng Ha","Y","0000-00-00 00:00:00","-","0000-00-00 00:00:00","-"
"91","6","วิเศษชัยชาญ","Wiset Chai Chan","Y","0000-00-00 00:00:00","-","0000-00-00 00:00:00","-"
"92","6","สามโก้","Samko","Y","0000-00-00 00:00:00","-","0000-00-00 00:00:00","-"
"93","7","เมืองลพบุรี","Mueang Lop Buri","Y","0000-00-00 00:00:00","-","0000-00-00 00:00:00","-"
"94","7","พัฒนานิคม","Phatthana Nikhom","Y","0000-00-00 00:00:00","-","0000-00-00 00:00:00","-"
"95","7","โคกสำโรง","Khok Samrong","Y","0000-00-00 00:00:00","-","0000-00-00 00:00:00","-"
"96","7","ชัยบาดาล","Chai Badan","Y","0000-00-00 00:00:00","-","0000-00-00 00:00:00","-"
"97","7","ท่าวุ้ง","Tha Wung","Y","0000-00-00 00:00:00","-","0000-00-00 00:00:00","-"
"98","7","บ้านหมี่","Ban Mi","Y","0000-00-00 00:00:00","-","0000-00-00 00:00:00","-"
"99","7","ท่าหลวง","Tha Luang","Y","0000-00-00 00:00:00","-","0000-00-00 00:00:00","-"
"100","7","สระโบสถ์","Sa Bot","Y","0000-00-00 00:00:00","-","0000-00-00 00:00:00","-"
"101","7","โคกเจริญ","Khok Charoen","Y","0000-00-00 00:00:00","-","0000-00-00 00:00:00","-"
"102","7","ลำสนธิ","Lam Sonthi","Y","0000-00-00 00:00:00","-","0000-00-00 00:00:00","-"
"103","7","หนองม่วง","Nong Muang","Y","0000-00-00 00:00:00","-","0000-00-00 00:00:00","-"
"104","8","เมืองสิงห์บุรี","Mueang Sing Buri","Y","0000-00-00 00:00:00","-","0000-00-00 00:00:00","-"
"105","8","บางระจัน","Bang Rachan","Y","0000-00-00 00:00:00","-","0000-00-00 00:00:00","-"
"106","8","ค่ายบางระจัน","Khai Bang Rachan","Y","0000-00-00 00:00:00","-","0000-00-00 00:00:00","-"
"107","8","พรหมบุรี","Phrom Buri","Y","0000-00-00 00:00:00","-","0000-00-00 00:00:00","-"
"108","8","ท่าช้าง","Tha Chang","Y","0000-00-00 00:00:00","-","0000-00-00 00:00:00","-"
"109","8","อินทร์บุรี","In Buri","Y","0000-00-00 00:00:00","-","0000-00-00 00:00:00","-"
"110","9","เมืองชัยนาท","Mueang Chai Nat","Y","0000-00-00 00:00:00","-","0000-00-00 00:00:00","-"
"111","9","มโนรมย์","Manorom","Y","0000-00-00 00:00:00","-","0000-00-00 00:00:00","-"
"112","9","วัดสิงห์","Wat Sing","Y","0000-00-00 00:00:00","-","0000-00-00 00:00:00","-"
"113","9","สรรพยา","Sapphaya","Y","0000-00-00 00:00:00","-","0000-00-00 00:00:00","-"
"114","9","สรรคบุรี","Sankhaburi","Y","0000-00-00 00:00:00","-","0000-00-00 00:00:00","-"
"115","9","หันคา","Hankha","Y","0000-00-00 00:00:00","-","0000-00-00 00:00:00","-"
"116","9","หนองมะโมง","Nong Mamong","Y","0000-00-00 00:00:00","-","0000-00-00 00:00:00","-"
"117","9","เนินขาม","Noen Kham","Y","0000-00-00 00:00:00","-","0000-00-00 00:00:00","-"
"118","10","เมืองสระบุรี","Mueang Saraburi","Y","0000-00-00 00:00:00","-","0000-00-00 00:00:00","-"
"119","10","แก่งคอย","Kaeng Khoi","Y","0000-00-00 00:00:00","-","0000-00-00 00:00:00","-"
"120","10","หนองแค","Nong Khae","Y","0000-00-00 00:00:00","-","0000-00-00 00:00:00","-"
"121","10","วิหารแดง","Wihan Daeng","Y","0000-00-00 00:00:00","-","0000-00-00 00:00:00","-"
"122","10","หนองแซง","Nong Saeng","Y","0000-00-00 00:00:00","-","0000-00-00 00:00:00","-"
"123","10","บ้านหมอ","Ban Mo","Y","0000-00-00 00:00:00","-","0000-00-00 00:00:00","-"
"124","10","ดอนพุด","Don Phut","Y","0000-00-00 00:00:00","-","0000-00-00 00:00:00","-"
"125","10","หนองโดน","Nong Don","Y","0000-00-00 00:00:00","-","0000-00-00 00:00:00","-"
"126","10","พระพุทธบาท","Phra Phutthabat","Y","0000-00-00 00:00:00","-","0000-00-00 00:00:00","-"
"127","10","เสาไห้","Sao Hai","Y","0000-00-00 00:00:00","-","0000-00-00 00:00:00","-"
"128","10","มวกเหล็ก","Muak Lek","Y","0000-00-00 00:00:00","-","0000-00-00 00:00:00","-"
"129","10","วังม่วง","Wang Muang","Y","0000-00-00 00:00:00","-","0000-00-00 00:00:00","-"
"130","10","เฉลิมพระเกียรติ","Chaloem Phra Kiet","Y","0000-00-00 00:00:00","-","0000-00-00 00:00:00","-"
"131","11","เมืองชลบุรี","Mueang Chon Buri","Y","0000-00-00 00:00:00","-","0000-00-00 00:00:00","-"
"132","11","บ้านบึง","Ban Bueng","Y","0000-00-00 00:00:00","-","0000-00-00 00:00:00","-"
"133","11","หนองใหญ่","Nong Yai","Y","0000-00-00 00:00:00","-","0000-00-00 00:00:00","-"
"134","11","บางละมุง","Bang Lamung","Y","0000-00-00 00:00:00","-","0000-00-00 00:00:00","-"
"135","11","พานทอง","Phan Thong","Y","0000-00-00 00:00:00","-","0000-00-00 00:00:00","-"
"136","11","พนัสนิคม","Phanat Nikhom","Y","0000-00-00 00:00:00","-","0000-00-00 00:00:00","-"
"137","11","ศรีราชา","Si Racha","Y","0000-00-00 00:00:00","-","0000-00-00 00:00:00","-"
"138","11","เกาะสีชัง","Ko Sichang","Y","0000-00-00 00:00:00","-","0000-00-00 00:00:00","-"
"139","11","สัตหีบ","Sattahip","Y","0000-00-00 00:00:00","-","0000-00-00 00:00:00","-"
"140","11","บ่อทอง","Bo Thong","Y","0000-00-00 00:00:00","-","0000-00-00 00:00:00","-"
"141","11","เกาะจันทร์","Ko Chan","Y","0000-00-00 00:00:00","-","0000-00-00 00:00:00","-"
"142","12","เมืองระยอง","Mueang Rayong","Y","0000-00-00 00:00:00","-","0000-00-00 00:00:00","-"
"143","12","บ้านฉาง","Ban Chang","Y","0000-00-00 00:00:00","-","0000-00-00 00:00:00","-"
"144","12","แกลง","Klaeng","Y","0000-00-00 00:00:00","-","0000-00-00 00:00:00","-"
"145","12","วังจันทร์","Wang Chan","Y","0000-00-00 00:00:00","-","0000-00-00 00:00:00","-"
"146","12","บ้านค่าย","Ban Khai","Y","0000-00-00 00:00:00","-","0000-00-00 00:00:00","-"
"147","12","ปลวกแดง","Pluak Daeng","Y","0000-00-00 00:00:00","-","0000-00-00 00:00:00","-"
"148","12","เขาชะเมา","Khao Chamao","Y","0000-00-00 00:00:00","-","0000-00-00 00:00:00","-"
"149","12","นิคมพัฒนา","Nikhom Phatthana","Y","0000-00-00 00:00:00","-","0000-00-00 00:00:00","-"
"150","13","เมืองจันทบุรี","Mueang Chanthaburi","Y","0000-00-00 00:00:00","-","0000-00-00 00:00:00","-"
"151","13","ขลุง","Khlung","Y","0000-00-00 00:00:00","-","0000-00-00 00:00:00","-"
"152","13","ท่าใหม่","Tha Mai","Y","0000-00-00 00:00:00","-","0000-00-00 00:00:00","-"
"153","13","โป่งน้ำร้อน","Pong Nam Ron","Y","0000-00-00 00:00:00","-","0000-00-00 00:00:00","-"
"154","13","มะขาม","Makham","Y","0000-00-00 00:00:00","-","0000-00-00 00:00:00","-"
"155","13","แหลมสิงห์","Laem Sing","Y","0000-00-00 00:00:00","-","0000-00-00 00:00:00","-"
"156","13","สอยดาว","Soi Dao","Y","0000-00-00 00:00:00","-","0000-00-00 00:00:00","-"
"157","13","แก่งหางแมว","Kaeng Hang Maeo","Y","0000-00-00 00:00:00","-","0000-00-00 00:00:00","-"
"158","13","นายายอาม","Na Yai Am","Y","0000-00-00 00:00:00","-","0000-00-00 00:00:00","-"
"159","13","เขาคิชฌกูฏ","Khao Khitchakut","Y","0000-00-00 00:00:00","-","0000-00-00 00:00:00","-"
"160","14","เมืองตราด","Mueang Trat","Y","0000-00-00 00:00:00","-","0000-00-00 00:00:00","-"
"161","14","คลองใหญ่","Khlong Yai","Y","0000-00-00 00:00:00","-","0000-00-00 00:00:00","-"
"162","14","เขาสมิง","Khao Saming","Y","0000-00-00 00:00:00","-","0000-00-00 00:00:00","-"
"163","14","บ่อไร่","Bo Rai","Y","0000-00-00 00:00:00","-","0000-00-00 00:00:00","-"
"164","14","แหลมงอบ","Laem Ngop","Y","0000-00-00 00:00:00","-","0000-00-00 00:00:00","-"
"165","14","เกาะกูด","Ko Kut","Y","0000-00-00 00:00:00","-","0000-00-00 00:00:00","-"
"166","14","เกาะช้าง","Ko Chang","Y","0000-00-00 00:00:00","-","0000-00-00 00:00:00","-"
"167","15","เมืองฉะเชิงเทรา","Mueang Chachoengsao","Y","0000-00-00 00:00:00","-","0000-00-00 00:00:00","-"
"168","15","บางคล้า","Bang Khla","Y","0000-00-00 00:00:00","-","0000-00-00 00:00:00","-"
"169","15","บางน้ำเปรี้ยว","Bang Nam Priao","Y","0000-00-00 00:00:00","-","0000-00-00 00:00:00","-"
"170","15","บางปะกง","Bang Pakong","Y","0000-00-00 00:00:00","-","0000-00-00 00:00:00","-"
"171","15","บ้านโพธิ์","Ban Pho","Y","0000-00-00 00:00:00","-","0000-00-00 00:00:00","-"
"172","15","พนมสารคาม","Phanom Sarakham","Y","0000-00-00 00:00:00","-","0000-00-00 00:00:00","-"
"173","15","ราชสาส์น","Ratchasan","Y","0000-00-00 00:00:00","-","0000-00-00 00:00:00","-"
"174","15","สนามชัยเขต","Sanam Chai Khet","Y","0000-00-00 00:00:00","-","0000-00-00 00:00:00","-"
"175","15","แปลงยาว","Pleang Yao","Y","0000-00-00 00:00:00","-","0000-00-00 00:00:00","-"
"176","15","ท่าตะเกียบ","Tha Takiap","Y","0000-00-00 00:00:00","-","0000-00-00 00:00:00","-"
"177","15","คลองเขื่อน","Khlong Khuean","Y","0000-00-00 00:00:00","-","0000-00-00 00:00:00","-"
"178","16","เมืองปราจีนบุรี","Mueang Prachin Buri","Y","0000-00-00 00:00:00","-","0000-00-00 00:00:00","-"
"179","16","กบินทร์บุรี","Kabin Buri","Y","0000-00-00 00:00:00","-","0000-00-00 00:00:00","-"
"180","16","นาดี","Na Di","Y","0000-00-00 00:00:00","-","0000-00-00 00:00:00","-"
"181","16","บ้านสร้าง","Ban Sang","Y","0000-00-00 00:00:00","-","0000-00-00 00:00:00","-"
"182","16","ประจันตคาม","Prachantakham","Y","0000-00-00 00:00:00","-","0000-00-00 00:00:00","-"
"183","16","ศรีมหาโพธิ","Si Maha Phot","Y","0000-00-00 00:00:00","-","0000-00-00 00:00:00","-"
"184","16","ศรีมโหสถ","Si Mahosot","Y","0000-00-00 00:00:00","-","0000-00-00 00:00:00","-"
"185","17","เมืองนครนายก","Mueang Nakhon Nayok","Y","0000-00-00 00:00:00","-","0000-00-00 00:00:00","-"
"186","17","ปากพลี","Pak Phli","Y","0000-00-00 00:00:00","-","0000-00-00 00:00:00","-"
"187","17","บ้านนา","Ban Na","Y","0000-00-00 00:00:00","-","0000-00-00 00:00:00","-"
"188","17","องครักษ์","Ongkharak","Y","0000-00-00 00:00:00","-","0000-00-00 00:00:00","-"
"189","18","เมืองสระแก้ว","Mueang Sa Kaeo","Y","0000-00-00 00:00:00","-","0000-00-00 00:00:00","-"
"190","18","คลองหาด","Khlong Hat","Y","0000-00-00 00:00:00","-","0000-00-00 00:00:00","-"
"191","18","ตาพระยา","Ta Phraya","Y","0000-00-00 00:00:00","-","0000-00-00 00:00:00","-"
"192","18","วังน้ำเย็น","Wang Nam Yen","Y","0000-00-00 00:00:00","-","0000-00-00 00:00:00","-"
"193","18","วัฒนานคร","Watthana Nakhon","Y","0000-00-00 00:00:00","-","0000-00-00 00:00:00","-"
"194","18","อรัญประเทศ","Aranyaprathet","Y","0000-00-00 00:00:00","-","0000-00-00 00:00:00","-"
"195","18","เขาฉกรรจ์","Khao Chakan","Y","0000-00-00 00:00:00","-","0000-00-00 00:00:00","-"
"196","18","โคกสูง","Khok Sung","Y","0000-00-00 00:00:00","-","0000-00-00 00:00:00","-"
"197","18","วังสมบูรณ์","Wang Sombun","Y","0000-00-00 00:00:00","-","0000-00-00 00:00:00","-"
"198","19","เมืองนครราชสีมา","Mueang Nakhon Ratchasima","Y","0000-00-00 00:00:00","-","0000-00-00 00:00:00","-"
"199","19","ครบุรี","Khon Buri","Y","0000-00-00 00:00:00","-","0000-00-00 00:00:00","-"
"200","19","เสิงสาง","Soeng Sang","Y","0000-00-00 00:00:00","-","0000-00-00 00:00:00","-"
"201","19","คง","Khong","Y","0000-00-00 00:00:00","-","0000-00-00 00:00:00","-"
"202","19","บ้านเหลื่อม","Ban Lueam","Y","0000-00-00 00:00:00","-","0000-00-00 00:00:00","-"
"203","19","จักราช","Chakkarat","Y","0000-00-00 00:00:00","-","0000-00-00 00:00:00","-"
"204","19","โชคชัย","Chok Chai","Y","0000-00-00 00:00:00","-","0000-00-00 00:00:00","-"
"205","19","ด่านขุนทด","Dan Khun Thot","Y","0000-00-00 00:00:00","-","0000-00-00 00:00:00","-"
"206","19","โนนไทย","Non Thai","Y","0000-00-00 00:00:00","-","0000-00-00 00:00:00","-"
"207","19","โนนสูง","Non Sung","Y","0000-00-00 00:00:00","-","0000-00-00 00:00:00","-"
"208","19","ขามสะแกแสง","Kham Sakaesaeng","Y","0000-00-00 00:00:00","-","0000-00-00 00:00:00","-"
"209","19","บัวใหญ่","Bua Yai","Y","0000-00-00 00:00:00","-","0000-00-00 00:00:00","-"
"210","19","ประทาย","Prathai","Y","0000-00-00 00:00:00","-","0000-00-00 00:00:00","-"
"211","19","ปักธงชัย","Pak Thong Chai","Y","0000-00-00 00:00:00","-","0000-00-00 00:00:00","-"
"212","19","พิมาย","Phimai","Y","0000-00-00 00:00:00","-","0000-00-00 00:00:00","-"
"213","19","ห้วยแถลง","Huai Thalaeng","Y","0000-00-00 00:00:00","-","0000-00-00 00:00:00","-"
"214","19","ชุมพวง","Chum Phuang","Y","0000-00-00 00:00:00","-","0000-00-00 00:00:00","-"
"215","19","สูงเนิน","Sung Noen","Y","0000-00-00 00:00:00","-","0000-00-00 00:00:00","-"
"216","19","ขามทะเลสอ","Kham Thale So","Y","0000-00-00 00:00:00","-","0000-00-00 00:00:00","-"
"217","19","สีคิ้ว","Si Khio","Y","0000-00-00 00:00:00","-","0000-00-00 00:00:00","-"
"218","19","ปากช่อง","Pak Chong","Y","0000-00-00 00:00:00","-","0000-00-00 00:00:00","-"
"219","19","หนองบุญมาก","Nong Bunmak","Y","0000-00-00 00:00:00","-","0000-00-00 00:00:00","-"
"220","19","แก้งสนามนาง","Kaeng Sanam Nang","Y","0000-00-00 00:00:00","-","0000-00-00 00:00:00","-"
"221","19","โนนแดง","Non Daeng","Y","0000-00-00 00:00:00","-","0000-00-00 00:00:00","-"
"222","19","วังน้ำเขียว","Wang Nam Khiao","Y","0000-00-00 00:00:00","-","0000-00-00 00:00:00","-"
"223","19","เทพารักษ์","Thepharak","Y","0000-00-00 00:00:00","-","0000-00-00 00:00:00","-"
"224","19","เมืองยาง","Mueang Yang","Y","0000-00-00 00:00:00","-","0000-00-00 00:00:00","-"
"225","19","พระทองคำ","Phra Thong Kham","Y","0000-00-00 00:00:00","-","0000-00-00 00:00:00","-"
"226","19","ลำทะเมนชัย","Lamtaman Chai","Y","0000-00-00 00:00:00","-","0000-00-00 00:00:00","-"
"227","19","บัวลาย","Bua Lai","Y","0000-00-00 00:00:00","-","0000-00-00 00:00:00","-"
"228","19","สีดา","Sida","Y","0000-00-00 00:00:00","-","0000-00-00 00:00:00","-"
"229","19","เฉลิมพระเกียรติ","Chaloem Phra Kiet","Y","0000-00-00 00:00:00","-","0000-00-00 00:00:00","-"
"230","20","เมืองบุรีรัมย์","Mueang Buri Ram","Y","0000-00-00 00:00:00","-","0000-00-00 00:00:00","-"
"231","20","คูเมือง","Khu Mueang","Y","0000-00-00 00:00:00","-","0000-00-00 00:00:00","-"
"232","20","กระสัง","Krasang","Y","0000-00-00 00:00:00","-","0000-00-00 00:00:00","-"
"233","20","นางรอง","Nang Rong","Y","0000-00-00 00:00:00","-","0000-00-00 00:00:00","-"
"234","20","หนองกี่","Nong Ki","Y","0000-00-00 00:00:00","-","0000-00-00 00:00:00","-"
"235","20","ละหานทราย","Lahan Sai","Y","0000-00-00 00:00:00","-","0000-00-00 00:00:00","-"
"236","20","ประโคนชัย","Prakhon Chai","Y","0000-00-00 00:00:00","-","0000-00-00 00:00:00","-"
"237","20","บ้านกรวด","Ban Kruat","Y","0000-00-00 00:00:00","-","0000-00-00 00:00:00","-"
"238","20","พุทไธสง","Phutthaisong","Y","0000-00-00 00:00:00","-","0000-00-00 00:00:00","-"
"239","20","ลำปลายมาศ","Lam Plai Mat","Y","0000-00-00 00:00:00","-","0000-00-00 00:00:00","-"
"240","20","สตึก","Satuek","Y","0000-00-00 00:00:00","-","0000-00-00 00:00:00","-"
"241","20","ปะคำ","Pakham","Y","0000-00-00 00:00:00","-","0000-00-00 00:00:00","-"
"242","20","นาโพธิ์","Na Pho","Y","0000-00-00 00:00:00","-","0000-00-00 00:00:00","-"
"243","20","หนองหงส์","Nong Hong","Y","0000-00-00 00:00:00","-","0000-00-00 00:00:00","-"
"244","20","พลับพลาชัย","Phlapphla Chai","Y","0000-00-00 00:00:00","-","0000-00-00 00:00:00","-"
"245","20","ห้วยราช","Huai Rat","Y","0000-00-00 00:00:00","-","0000-00-00 00:00:00","-"
"246","20","โนนสุวรรณ","Non Din Daeng","Y","0000-00-00 00:00:00","-","0000-00-00 00:00:00","-"
"247","20","ชำนิ","Chamni","Y","0000-00-00 00:00:00","-","0000-00-00 00:00:00","-"
"248","20","บ้านใหม่ไชยพจน์","Ban Mai Chaiyaphot","Y","0000-00-00 00:00:00","-","0000-00-00 00:00:00","-"
"249","20","โนนดินแดง","Non Din Daeng","Y","0000-00-00 00:00:00","-","0000-00-00 00:00:00","-"
"250","20","บ้านด่าน","Ban Dan","Y","0000-00-00 00:00:00","-","0000-00-00 00:00:00","-"
"251","20","แคนดง","Khaen Dong","Y","0000-00-00 00:00:00","-","0000-00-00 00:00:00","-"
"252","20","เฉลิมพระเกียรติ","Chaloem Phra Kiet","Y","0000-00-00 00:00:00","-","0000-00-00 00:00:00","-"
"253","21","เมืองสุรินทร์","Mueang Surin","Y","0000-00-00 00:00:00","-","0000-00-00 00:00:00","-"
"254","21","ชุมพลบุรี","Chumphon Buri","Y","0000-00-00 00:00:00","-","0000-00-00 00:00:00","-"
"255","21","ท่าตูม","Tha Tum","Y","0000-00-00 00:00:00","-","0000-00-00 00:00:00","-"
"256","21","จอมพระ","Chom Phra","Y","0000-00-00 00:00:00","-","0000-00-00 00:00:00","-"
"257","21","ปราสาท","Prasat","Y","0000-00-00 00:00:00","-","0000-00-00 00:00:00","-"
"258","21","กาบเชิง","Kap Choeng","Y","0000-00-00 00:00:00","-","0000-00-00 00:00:00","-"
"259","21","รัตนบุรี","Rattanaburi","Y","0000-00-00 00:00:00","-","0000-00-00 00:00:00","-"
"260","21","สนม","Sanom","Y","0000-00-00 00:00:00","-","0000-00-00 00:00:00","-"
"261","21","ศีขรภูมิ","Sikhoraphum","Y","0000-00-00 00:00:00","-","0000-00-00 00:00:00","-"
"262","21","สังขะ","Sangkha","Y","0000-00-00 00:00:00","-","0000-00-00 00:00:00","-"
"263","21","ลำดวน","Lamduan","Y","0000-00-00 00:00:00","-","0000-00-00 00:00:00","-"
"264","21","สำโรงทาบ","Samrong Thap","Y","0000-00-00 00:00:00","-","0000-00-00 00:00:00","-"
"265","21","บัวเชด","Buachet","Y","0000-00-00 00:00:00","-","0000-00-00 00:00:00","-"
"266","21","พนมดงรัก","Phanom Dong Rak","Y","0000-00-00 00:00:00","-","0000-00-00 00:00:00","-"
"267","21","ศรีณรงค์","Si Narong","Y","0000-00-00 00:00:00","-","0000-00-00 00:00:00","-"
"268","21","เขวาสินรินทร์","Khwao Sinarin","Y","0000-00-00 00:00:00","-","0000-00-00 00:00:00","-"
"269","21","โนนนารายณ์","Non Narai","Y","0000-00-00 00:00:00","-","0000-00-00 00:00:00","-"
"270","22","เมืองศรีสะเกษ","Mueang Si Sa Ket","Y","0000-00-00 00:00:00","-","0000-00-00 00:00:00","-"
"271","22","ยางชุมน้อย","Yang Chum Noi","Y","0000-00-00 00:00:00","-","0000-00-00 00:00:00","-"
"272","22","กันทรารมย์","Kanthararom","Y","0000-00-00 00:00:00","-","0000-00-00 00:00:00","-"
"273","22","กันทรลักษ์","Kantharalak","Y","0000-00-00 00:00:00","-","0000-00-00 00:00:00","-"
"274","22","ขุขันธ์","Khukhan","Y","0000-00-00 00:00:00","-","0000-00-00 00:00:00","-"
"275","22","ไพรบึง","Phrai Bueng","Y","0000-00-00 00:00:00","-","0000-00-00 00:00:00","-"
"276","22","ปรางค์กู่","Prang Ku","Y","0000-00-00 00:00:00","-","0000-00-00 00:00:00","-"
"277","22","ขุนหาญ","Khun Han","Y","0000-00-00 00:00:00","-","0000-00-00 00:00:00","-"
"278","22","ราษีไศล","Rasi Salai","Y","0000-00-00 00:00:00","-","0000-00-00 00:00:00","-"
"279","22","อุทุมพรพิสัย","Uthumphon Phisai","Y","0000-00-00 00:00:00","-","0000-00-00 00:00:00","-"
"280","22","บึงบูรพ์","Bueng Bun","Y","0000-00-00 00:00:00","-","0000-00-00 00:00:00","-"
"281","22","ห้วยทับทัน","Huai Thap Than","Y","0000-00-00 00:00:00","-","0000-00-00 00:00:00","-"
"282","22","โนนคูณ","Non Khun","Y","0000-00-00 00:00:00","-","0000-00-00 00:00:00","-"
"283","22","ศรีรัตนะ","Si Rattana","Y","0000-00-00 00:00:00","-","0000-00-00 00:00:00","-"
"284","22","น้ำเกลี้ยง","Nam Kliang","Y","0000-00-00 00:00:00","-","0000-00-00 00:00:00","-"
"285","22","วังหิน","Wang Hin","Y","0000-00-00 00:00:00","-","0000-00-00 00:00:00","-"
"286","22","ภูสิงห์","Phu Sing","Y","0000-00-00 00:00:00","-","0000-00-00 00:00:00","-"
"287","22","เมืองจันทร์","Mueang Chan","Y","0000-00-00 00:00:00","-","0000-00-00 00:00:00","-"
"288","22","เบญจลักษ์","Benchalak","Y","0000-00-00 00:00:00","-","0000-00-00 00:00:00","-"
"289","22","พยุห์","Phayu","Y","0000-00-00 00:00:00","-","0000-00-00 00:00:00","-"
"290","22","โพธิ์ศรีสุวรรณ","Pho Si Suwan","Y","0000-00-00 00:00:00","-","0000-00-00 00:00:00","-"
"291","22","ศิลาลาด","Sila Lat","Y","0000-00-00 00:00:00","-","0000-00-00 00:00:00","-"
"292","23","เมืองอุบลราชธานี","Mueang Ubon Ratchathani","Y","0000-00-00 00:00:00","-","0000-00-00 00:00:00","-"
"293","23","ศรีเมืองใหม่","Si Mueang Mai","Y","0000-00-00 00:00:00","-","0000-00-00 00:00:00","-"
"294","23","โขงเจียม","Khong Chiam","Y","0000-00-00 00:00:00","-","0000-00-00 00:00:00","-"
"295","23","เขื่องใน","Khueang Nai","Y","0000-00-00 00:00:00","-","0000-00-00 00:00:00","-"
"296","23","เขมราฐ","Khemarat","Y","0000-00-00 00:00:00","-","0000-00-00 00:00:00","-"
"297","23","เดชอุดม","Det Udom","Y","0000-00-00 00:00:00","-","0000-00-00 00:00:00","-"
"298","23","นาจะหลวย","Na Chaluai","Y","0000-00-00 00:00:00","-","0000-00-00 00:00:00","-"
"299","23","น้ำยืน","Nam Yuen","Y","0000-00-00 00:00:00","-","0000-00-00 00:00:00","-"
"300","23","บุณฑริก","Boontharik","Y","0000-00-00 00:00:00","-","0000-00-00 00:00:00","-"
"301","23","ตระการพืชผล","Trakan Phuet Phon","Y","0000-00-00 00:00:00","-","0000-00-00 00:00:00","-"
"302","23","กุดข้าวปุ้น","Kut Khaopun","Y","0000-00-00 00:00:00","-","0000-00-00 00:00:00","-"
"303","23","ม่วงสามสิบ","Muang Sam Sip","Y","0000-00-00 00:00:00","-","0000-00-00 00:00:00","-"
"304","23","วารินชำราบ","Warin Chamrap","Y","0000-00-00 00:00:00","-","0000-00-00 00:00:00","-"
"305","23","พิบูลมังสาหาร","Phibun Mangsahan","Y","0000-00-00 00:00:00","-","0000-00-00 00:00:00","-"
"306","23","ตาลสุม","Tan Sum","Y","0000-00-00 00:00:00","-","0000-00-00 00:00:00","-"
"307","23","โพธิ์ไทร","Pho Sai","Y","0000-00-00 00:00:00","-","0000-00-00 00:00:00","-"
"308","23","สำโรง","Samrong","Y","0000-00-00 00:00:00","-","0000-00-00 00:00:00","-"
"309","23","ดอนมดแดง","Don Mot Daeng","Y","0000-00-00 00:00:00","-","0000-00-00 00:00:00","-"
"310","23","สิรินธร","Sirindhorn","Y","0000-00-00 00:00:00","-","0000-00-00 00:00:00","-"
"311","23","ทุ่งศรีอุดม","Thung Si Udom","Y","0000-00-00 00:00:00","-","0000-00-00 00:00:00","-"
"312","23","นาเยีย","Na Yia","Y","0000-00-00 00:00:00","-","0000-00-00 00:00:00","-"
"313","23","นาตาล","Na Tan","Y","0000-00-00 00:00:00","-","0000-00-00 00:00:00","-"
"314","23","เหล่าเสือโก้ก","Lao Suea Kok","Y","0000-00-00 00:00:00","-","0000-00-00 00:00:00","-"
"315","23","สว่างวีระวงศ์","Sawang Wirawong","Y","0000-00-00 00:00:00","-","0000-00-00 00:00:00","-"
"316","23","น้ำขุ่น","Nam Khun","Y","0000-00-00 00:00:00","-","0000-00-00 00:00:00","-"
"317","24","เมืองยโสธร","Mueang Yasothon","Y","0000-00-00 00:00:00","-","0000-00-00 00:00:00","-"
"318","24","ทรายมูล","Sai Mun","Y","0000-00-00 00:00:00","-","0000-00-00 00:00:00","-"
"319","24","กุดชุม","Kut Chum","Y","0000-00-00 00:00:00","-","0000-00-00 00:00:00","-"
"320","24","คำเขื่อนแก้ว","Kham Khuean Kaeo","Y","0000-00-00 00:00:00","-","0000-00-00 00:00:00","-"
"321","24","ป่าติ้ว","Pa Tio","Y","0000-00-00 00:00:00","-","0000-00-00 00:00:00","-"
"322","24","มหาชนะชัย","Maha Chana Chai","Y","0000-00-00 00:00:00","-","0000-00-00 00:00:00","-"
"323","24","ค้อวัง","Kho Wang","Y","0000-00-00 00:00:00","-","0000-00-00 00:00:00","-"
"324","24","เลิงนกทา","Loeng Nok Tha","Y","0000-00-00 00:00:00","-","0000-00-00 00:00:00","-"
"325","24","ไทยเจริญ","Thai Charoen","Y","0000-00-00 00:00:00","-","0000-00-00 00:00:00","-"
"326","25","เมืองชัยภูมิ","Mueang Chaiyaphum","Y","0000-00-00 00:00:00","-","0000-00-00 00:00:00","-"
"327","25","บ้านเขว้า","Ban Khwao","Y","0000-00-00 00:00:00","-","0000-00-00 00:00:00","-"
"328","25","คอนสวรรค์","Khon Sawan","Y","0000-00-00 00:00:00","-","0000-00-00 00:00:00","-"
"329","25","เกษตรสมบูรณ์","Kaset Sombun","Y","0000-00-00 00:00:00","-","0000-00-00 00:00:00","-"
"330","25","หนองบัวแดง","Nong Bua Daeng","Y","0000-00-00 00:00:00","-","0000-00-00 00:00:00","-"
"331","25","จัตุรัส","Chatturat","Y","0000-00-00 00:00:00","-","0000-00-00 00:00:00","-"
"332","25","บำเหน็จณรงค์","Bamnet Narong","Y","0000-00-00 00:00:00","-","0000-00-00 00:00:00","-"
"333","25","หนองบัวระเหว","Nong Bua Rawe","Y","0000-00-00 00:00:00","-","0000-00-00 00:00:00","-"
"334","25","เทพสถิต","Thep Sathit","Y","0000-00-00 00:00:00","-","0000-00-00 00:00:00","-"
"335","25","ภูเขียว","Phu Khiao","Y","0000-00-00 00:00:00","-","0000-00-00 00:00:00","-"
"336","25","บ้านแท่น","Ban Thaen","Y","0000-00-00 00:00:00","-","0000-00-00 00:00:00","-"
"337","25","แก้งคร้อ","Kaeng Khro","Y","0000-00-00 00:00:00","-","0000-00-00 00:00:00","-"
"338","25","คอนสาร","Khon San","Y","0000-00-00 00:00:00","-","0000-00-00 00:00:00","-"
"339","25","ภักดีชุมพล","Phakdi Chumphon","Y","0000-00-00 00:00:00","-","0000-00-00 00:00:00","-"
"340","25","เนินสง่า","Noen Sa-nga","Y","0000-00-00 00:00:00","-","0000-00-00 00:00:00","-"
"341","25","ซับใหญ่","Sap Yai","Y","0000-00-00 00:00:00","-","0000-00-00 00:00:00","-"
"342","26","เมืองอำนาจเจริญ","Mueang Amnat Charoen","Y","0000-00-00 00:00:00","-","0000-00-00 00:00:00","-"
"343","26","ชานุมาน","Chanuman","Y","0000-00-00 00:00:00","-","0000-00-00 00:00:00","-"
"344","26","ปทุมราชวงศา","Pathum Ratchawongsa","Y","0000-00-00 00:00:00","-","0000-00-00 00:00:00","-"
"345","26","พนา","Phana","Y","0000-00-00 00:00:00","-","0000-00-00 00:00:00","-"
"346","26","เสนางคนิคม","Senangkhanikhom","Y","0000-00-00 00:00:00","-","0000-00-00 00:00:00","-"
"347","26","หัวตะพาน","Hua Taphan","Y","0000-00-00 00:00:00","-","0000-00-00 00:00:00","-"
"348","26","ลืออำนาจ","Lue Amnat","Y","0000-00-00 00:00:00","-","0000-00-00 00:00:00","-"
"349","27","บึงกาฬ","Bueng Kan","Y","0000-00-00 00:00:00","-","0000-00-00 00:00:00","-"
"350","27","พรเจริญ","Phon Charoen","Y","0000-00-00 00:00:00","-","0000-00-00 00:00:00","-"
"351","27","โซ่พิสัย","So Phisai","Y","0000-00-00 00:00:00","-","0000-00-00 00:00:00","-"
"352","27","เซกา","Seka","Y","0000-00-00 00:00:00","-","0000-00-00 00:00:00","-"
"353","27","ปากคาด","Pak Khat","Y","0000-00-00 00:00:00","-","0000-00-00 00:00:00","-"
"354","27","บึงโขงหลง","Bueng Khong Long","Y","0000-00-00 00:00:00","-","0000-00-00 00:00:00","-"
"355","27","ศรีวิไล","Si Wilai","Y","0000-00-00 00:00:00","-","0000-00-00 00:00:00","-"
"356","27","บุ่งคล้า","Bung Khla","Y","0000-00-00 00:00:00","-","0000-00-00 00:00:00","-"
"357","28","เมืองหนองบัวลำภู","Mueang Nong Bua Lam Phu","Y","0000-00-00 00:00:00","-","0000-00-00 00:00:00","-"
"358","28","นากลาง","Na Klang","Y","0000-00-00 00:00:00","-","0000-00-00 00:00:00","-"
"359","28","โนนสัง","Non Sang","Y","0000-00-00 00:00:00","-","0000-00-00 00:00:00","-"
"360","28","ศรีบุญเรือง","Si Bun Rueang","Y","0000-00-00 00:00:00","-","0000-00-00 00:00:00","-"
"361","28","สุวรรณคูหา","Suwannakhuha","Y","0000-00-00 00:00:00","-","0000-00-00 00:00:00","-"
"362","28","นาวัง","Na Wang","Y","0000-00-00 00:00:00","-","0000-00-00 00:00:00","-"
"363","29","เมืองขอนแก่น","Mueang Khon Kaen","Y","0000-00-00 00:00:00","-","0000-00-00 00:00:00","-"
"364","29","บ้านฝาง","Ban Fang","Y","0000-00-00 00:00:00","-","0000-00-00 00:00:00","-"
"365","29","พระยืน","Phra Yuen","Y","0000-00-00 00:00:00","-","0000-00-00 00:00:00","-"
"366","29","หนองเรือ","Nong Ruea","Y","0000-00-00 00:00:00","-","0000-00-00 00:00:00","-"
"367","29","ชุมแพ","Chum Phae","Y","0000-00-00 00:00:00","-","0000-00-00 00:00:00","-"
"368","29","สีชมพู","Si Chomphu","Y","0000-00-00 00:00:00","-","0000-00-00 00:00:00","-"
"369","29","น้ำพอง","Nam Phong","Y","0000-00-00 00:00:00","-","0000-00-00 00:00:00","-"
"370","29","อุบลรัตน์","Ubolratana","Y","0000-00-00 00:00:00","-","0000-00-00 00:00:00","-"
"371","29","กระนวน","Kranuan","Y","0000-00-00 00:00:00","-","0000-00-00 00:00:00","-"
"372","29","บ้านไผ่","Ban Phai","Y","0000-00-00 00:00:00","-","0000-00-00 00:00:00","-"
"373","29","เปือยน้อย","Pueai Noi","Y","0000-00-00 00:00:00","-","0000-00-00 00:00:00","-"
"374","29","พล","Phon","Y","0000-00-00 00:00:00","-","0000-00-00 00:00:00","-"
"375","29","แวงใหญ่","Waeng Yai","Y","0000-00-00 00:00:00","-","0000-00-00 00:00:00","-"
"376","29","แวงน้อย","Waeng Noi","Y","0000-00-00 00:00:00","-","0000-00-00 00:00:00","-"
"377","29","หนองสองห้อง","Nong Song Hong","Y","0000-00-00 00:00:00","-","0000-00-00 00:00:00","-"
"378","29","ภูเวียง","Phu Wiang","Y","0000-00-00 00:00:00","-","0000-00-00 00:00:00","-"
"379","29","มัญจาคีรี","Mancha Khiri","Y","0000-00-00 00:00:00","-","0000-00-00 00:00:00","-"
"380","29","ชนบท","Chonnabot","Y","0000-00-00 00:00:00","-","0000-00-00 00:00:00","-"
"381","29","เขาสวนกวาง","Khao Suan Kwang","Y","0000-00-00 00:00:00","-","0000-00-00 00:00:00","-"
"382","29","ภูผาม่าน","Phu Phaman","Y","0000-00-00 00:00:00","-","0000-00-00 00:00:00","-"
"383","29","ซำสูง","Sam Sung","Y","0000-00-00 00:00:00","-","0000-00-00 00:00:00","-"
"384","29","โคกโพธิ์ไชย","Khok Pho Chai","Y","0000-00-00 00:00:00","-","0000-00-00 00:00:00","-"
"385","29","หนองนาคำ","Nong Na Kham","Y","0000-00-00 00:00:00","-","0000-00-00 00:00:00","-"
"386","29","บ้านแฮด","Ban Haet","Y","0000-00-00 00:00:00","-","0000-00-00 00:00:00","-"
"387","29","โนนศิลา","Non Sila","Y","0000-00-00 00:00:00","-","0000-00-00 00:00:00","-"
"388","29","เวียงเก่า","Wiang Kao","Y","0000-00-00 00:00:00","-","0000-00-00 00:00:00","-"
"389","30","เมืองอุดรธานี","Mueang Udon Thani","Y","0000-00-00 00:00:00","-","0000-00-00 00:00:00","-"
"390","30","กุดจับ","Kut Chap","Y","0000-00-00 00:00:00","-","0000-00-00 00:00:00","-"
"391","30","หนองวัวซอ","Nong Wua So","Y","0000-00-00 00:00:00","-","0000-00-00 00:00:00","-"
"392","30","กุมภวาปี","Kumphawapi","Y","0000-00-00 00:00:00","-","0000-00-00 00:00:00","-"
"393","30","โนนสะอาด","Non Sa-at","Y","0000-00-00 00:00:00","-","0000-00-00 00:00:00","-"
"394","30","หนองหาน","Nong Saeng","Y","0000-00-00 00:00:00","-","0000-00-00 00:00:00","-"
"395","30","ทุ่งฝน","Thung Fon","Y","0000-00-00 00:00:00","-","0000-00-00 00:00:00","-"
"396","30","ไชยวาน","Chai Wan","Y","0000-00-00 00:00:00","-","0000-00-00 00:00:00","-"
"397","30","ศรีธาตุ","Si That","Y","0000-00-00 00:00:00","-","0000-00-00 00:00:00","-"
"398","30","วังสามหมอ","Wang Sam Mo","Y","0000-00-00 00:00:00","-","0000-00-00 00:00:00","-"
"399","30","บ้านดุง","Ban Dung","Y","0000-00-00 00:00:00","-","0000-00-00 00:00:00","-"
"400","30","บ้านผือ","Ban Phue","Y","0000-00-00 00:00:00","-","0000-00-00 00:00:00","-"
"401","30","น้ำโสม","Nam Som","Y","0000-00-00 00:00:00","-","0000-00-00 00:00:00","-"
"402","30","เพ็ญ","Phen","Y","0000-00-00 00:00:00","-","0000-00-00 00:00:00","-"
"403","30","สร้างคอม","Sang Khom","Y","0000-00-00 00:00:00","-","0000-00-00 00:00:00","-"
"404","30","หนองแสง","Nong Saeng","Y","0000-00-00 00:00:00","-","0000-00-00 00:00:00","-"
"405","30","นายูง","Na Yung","Y","0000-00-00 00:00:00","-","0000-00-00 00:00:00","-"
"406","30","พิบูลย์รักษ์","Phibun Rak","Y","0000-00-00 00:00:00","-","0000-00-00 00:00:00","-"
"407","30","กู่แก้ว","Ku Kaeo","Y","0000-00-00 00:00:00","-","0000-00-00 00:00:00","-"
"408","30","ประจักษ์ศิลปาคม","Prachaksinlapakhom","Y","0000-00-00 00:00:00","-","0000-00-00 00:00:00","-"
"409","31","เมืองเลย","Mueang Loei","Y","0000-00-00 00:00:00","-","0000-00-00 00:00:00","-"
"410","31","นาด้วง","Na Duang","Y","0000-00-00 00:00:00","-","0000-00-00 00:00:00","-"
"411","31","เชียงคาน","Chiang Khan","Y","0000-00-00 00:00:00","-","0000-00-00 00:00:00","-"
"412","31","ปากชม","Pak Chom","Y","0000-00-00 00:00:00","-","0000-00-00 00:00:00","-"
"413","31","ด่านซ้าย","Dan Sai","Y","0000-00-00 00:00:00","-","0000-00-00 00:00:00","-"
"414","31","นาแห้ว","Na Haeo","Y","0000-00-00 00:00:00","-","0000-00-00 00:00:00","-"
"415","31","ภูเรือ","Phu Ruea","Y","0000-00-00 00:00:00","-","0000-00-00 00:00:00","-"
"416","31","ท่าลี่","Tha Li","Y","0000-00-00 00:00:00","-","0000-00-00 00:00:00","-"
"417","31","วังสะพุง","Wang Saphung","Y","0000-00-00 00:00:00","-","0000-00-00 00:00:00","-"
"418","31","ภูกระดึง","Phu Kradueng","Y","0000-00-00 00:00:00","-","0000-00-00 00:00:00","-"
"419","31","ภูหลวง","Phu Luang","Y","0000-00-00 00:00:00","-","0000-00-00 00:00:00","-"
"420","31","ผาขาว","Pha  Khao","Y","0000-00-00 00:00:00","-","0000-00-00 00:00:00","-"
"421","31","เอราวัณ","Erawan","Y","0000-00-00 00:00:00","-","0000-00-00 00:00:00","-"
"422","31","หนองหิน","Nong Hin","Y","0000-00-00 00:00:00","-","0000-00-00 00:00:00","-"
"423","32","เมืองหนองคาย","Mueang Nong Khai","Y","0000-00-00 00:00:00","-","0000-00-00 00:00:00","-"
"424","32","ท่าบ่อ","Tha Bo","Y","0000-00-00 00:00:00","-","0000-00-00 00:00:00","-"
"425","32","โพนพิสัย","Phon Phisai","Y","0000-00-00 00:00:00","-","0000-00-00 00:00:00","-"
"426","32","ศรีเชียงใหม่","Si Chiang Mai","Y","0000-00-00 00:00:00","-","0000-00-00 00:00:00","-"
"427","32","สังคม","Sangkhom","Y","0000-00-00 00:00:00","-","0000-00-00 00:00:00","-"
"428","32","สระใคร","Sakhrai","Y","0000-00-00 00:00:00","-","0000-00-00 00:00:00","-"
"429","32","เฝ้าไร่","Fao Rai","Y","0000-00-00 00:00:00","-","0000-00-00 00:00:00","-"
"430","32","รัตนวาปี","Rattanawapi","Y","0000-00-00 00:00:00","-","0000-00-00 00:00:00","-"
"431","32","โพธิ์ตาก","Pho Tak","Y","0000-00-00 00:00:00","-","0000-00-00 00:00:00","-"
"432","33","เมืองมหาสารคาม","Mueang Maha Sarakham","Y","0000-00-00 00:00:00","-","0000-00-00 00:00:00","-"
"433","33","แกดำ","Kae Dam","Y","0000-00-00 00:00:00","-","0000-00-00 00:00:00","-"
"434","33","โกสุมพิสัย","Kosum Phisai","Y","0000-00-00 00:00:00","-","0000-00-00 00:00:00","-"
"435","33","กันทรวิชัย","Kantharawichai","Y","0000-00-00 00:00:00","-","0000-00-00 00:00:00","-"
"436","33","เชียงยืน","Chiang Yuen","Y","0000-00-00 00:00:00","-","0000-00-00 00:00:00","-"
"437","33","บรบือ","Borabue","Y","0000-00-00 00:00:00","-","0000-00-00 00:00:00","-"
"438","33","นาเชือก","Na Chueak","Y","0000-00-00 00:00:00","-","0000-00-00 00:00:00","-"
"439","33","พยัคฆภูมิพิสัย","Phayakkhaphum Phisai","Y","0000-00-00 00:00:00","-","0000-00-00 00:00:00","-"
"440","33","วาปีปทุม","Wapi Pathum","Y","0000-00-00 00:00:00","-","0000-00-00 00:00:00","-"
"441","33","นาดูน","Na Dun","Y","0000-00-00 00:00:00","-","0000-00-00 00:00:00","-"
"442","33","ยางสีสุราช","Yang Sisurat","Y","0000-00-00 00:00:00","-","0000-00-00 00:00:00","-"
"443","33","กุดรัง","Kut Rang","Y","0000-00-00 00:00:00","-","0000-00-00 00:00:00","-"
"444","33","ชื่นชม","Chuen Chom","Y","0000-00-00 00:00:00","-","0000-00-00 00:00:00","-"
"445","34","เมืองร้อยเอ็ด","Mueang Roi Et","Y","0000-00-00 00:00:00","-","0000-00-00 00:00:00","-"
"446","34","เกษตรวิสัย","Kaset Wisai","Y","0000-00-00 00:00:00","-","0000-00-00 00:00:00","-"
"447","34","ปทุมรัตต์","Pathum Rat","Y","0000-00-00 00:00:00","-","0000-00-00 00:00:00","-"
"448","34","จตุรพักตรพิมาน","Chaturaphak Phiman","Y","0000-00-00 00:00:00","-","0000-00-00 00:00:00","-"
"449","34","ธวัชบุรี","Thawat Buri","Y","0000-00-00 00:00:00","-","0000-00-00 00:00:00","-"
"450","34","พนมไพร","Phanom Phrai","Y","0000-00-00 00:00:00","-","0000-00-00 00:00:00","-"
"451","34","โพนทอง","Phon Thong","Y","0000-00-00 00:00:00","-","0000-00-00 00:00:00","-"
"452","34","โพธิ์ชัย","Pho Chai","Y","0000-00-00 00:00:00","-","0000-00-00 00:00:00","-"
"453","34","หนองพอก","Nong Phok","Y","0000-00-00 00:00:00","-","0000-00-00 00:00:00","-"
"454","34","เสลภูมิ","Selaphum","Y","0000-00-00 00:00:00","-","0000-00-00 00:00:00","-"
"455","34","สุวรรณภูมิ","Suwannaphum","Y","0000-00-00 00:00:00","-","0000-00-00 00:00:00","-"
"456","34","เมืองสรวง","Mueang Suang","Y","0000-00-00 00:00:00","-","0000-00-00 00:00:00","-"
"457","34","โพนทราย","Phon Sai","Y","0000-00-00 00:00:00","-","0000-00-00 00:00:00","-"
"458","34","อาจสามารถ","At Samat","Y","0000-00-00 00:00:00","-","0000-00-00 00:00:00","-"
"459","34","เมยวดี","Moei Wadi","Y","0000-00-00 00:00:00","-","0000-00-00 00:00:00","-"
"460","34","ศรีสมเด็จ","Si Somdet","Y","0000-00-00 00:00:00","-","0000-00-00 00:00:00","-"
"461","34","จังหาร","Changhan","Y","0000-00-00 00:00:00","-","0000-00-00 00:00:00","-"
"462","34","เชียงขวัญ","Chiang Khwan","Y","0000-00-00 00:00:00","-","0000-00-00 00:00:00","-"
"463","34","หนองฮี","Nong Hi","Y","0000-00-00 00:00:00","-","0000-00-00 00:00:00","-"
"464","34","ทุ่งเขาหลวง","Thung Khao Luang","Y","0000-00-00 00:00:00","-","0000-00-00 00:00:00","-"
"465","35","เมืองกาฬสินธุ์","Mueang Kalasin","Y","0000-00-00 00:00:00","-","0000-00-00 00:00:00","-"
"466","35","นามน","Na Mon","Y","0000-00-00 00:00:00","-","0000-00-00 00:00:00","-"
"467","35","กมลาไสย","Kamalasai","Y","0000-00-00 00:00:00","-","0000-00-00 00:00:00","-"
"468","35","ร่องคำ","Rong Kham","Y","0000-00-00 00:00:00","-","0000-00-00 00:00:00","-"
"469","35","กุฉินารายณ์","Kuchinarai","Y","0000-00-00 00:00:00","-","0000-00-00 00:00:00","-"
"470","35","เขาวง","Khao Wong","Y","0000-00-00 00:00:00","-","0000-00-00 00:00:00","-"
"471","35","ยางตลาด","Yang Talat","Y","0000-00-00 00:00:00","-","0000-00-00 00:00:00","-"
"472","35","ห้วยเม็ก","Huai Mek","Y","0000-00-00 00:00:00","-","0000-00-00 00:00:00","-"
"473","35","สหัสขันธ์","Sahatsakhan","Y","0000-00-00 00:00:00","-","0000-00-00 00:00:00","-"
"474","35","คำม่วง","Kham Muang","Y","0000-00-00 00:00:00","-","0000-00-00 00:00:00","-"
"475","35","ท่าคันโท","Tha Khantho","Y","0000-00-00 00:00:00","-","0000-00-00 00:00:00","-"
"476","35","หนองกุงศรี","Nong Kung Si","Y","0000-00-00 00:00:00","-","0000-00-00 00:00:00","-"
"477","35","สมเด็จ","Somdet","Y","0000-00-00 00:00:00","-","0000-00-00 00:00:00","-"
"478","35","ห้วยผึ้ง","Huai Phueng","Y","0000-00-00 00:00:00","-","0000-00-00 00:00:00","-"
"479","35","สามชัย","Sam Chai","Y","0000-00-00 00:00:00","-","0000-00-00 00:00:00","-"
"480","35","นาคู","Na Khu","Y","0000-00-00 00:00:00","-","0000-00-00 00:00:00","-"
"481","35","ดอนจาน","Don Chan","Y","0000-00-00 00:00:00","-","0000-00-00 00:00:00","-"
"482","35","ฆ้องชัย","Khong Chai","Y","0000-00-00 00:00:00","-","0000-00-00 00:00:00","-"
"483","36","เมืองสกลนคร","Mueang Sakon Nakhon","Y","0000-00-00 00:00:00","-","0000-00-00 00:00:00","-"
"484","36","กุสุมาลย์","Kusuman","Y","0000-00-00 00:00:00","-","0000-00-00 00:00:00","-"
"485","36","กุดบาก","Kut Bak","Y","0000-00-00 00:00:00","-","0000-00-00 00:00:00","-"
"486","36","พรรณานิคม","Phanna Nikhom","Y","0000-00-00 00:00:00","-","0000-00-00 00:00:00","-"
"487","36","พังโคน","Phanh khon","Y","0000-00-00 00:00:00","-","0000-00-00 00:00:00","-"
"488","36","วาริชภูมิ","Waritchaphum","Y","0000-00-00 00:00:00","-","0000-00-00 00:00:00","-"
"489","36","นิคมน้ำอูน","Nikhom Nam un","Y","0000-00-00 00:00:00","-","0000-00-00 00:00:00","-"
"490","36","วานรนิวาส","Wanon Niwat","Y","0000-00-00 00:00:00","-","0000-00-00 00:00:00","-"
"491","36","คำตากล้า","Kham Ta Kla","Y","0000-00-00 00:00:00","-","0000-00-00 00:00:00","-"
"492","36","บ้านม่วง","Ban Muang","Y","0000-00-00 00:00:00","-","0000-00-00 00:00:00","-"
"493","36","อากาศอำนวย","Akat Amnuai","Y","0000-00-00 00:00:00","-","0000-00-00 00:00:00","-"
"494","36","สว่างแดนดิน","Sawang Daen Din","Y","0000-00-00 00:00:00","-","0000-00-00 00:00:00","-"
"495","36","ส่องดาว","Song Dao","Y","0000-00-00 00:00:00","-","0000-00-00 00:00:00","-"
"496","36","เต่างอย","Tao Ngoi","Y","0000-00-00 00:00:00","-","0000-00-00 00:00:00","-"
"497","36","โคกศรีสุพรรณ","Khok Si Suphan","Y","0000-00-00 00:00:00","-","0000-00-00 00:00:00","-"
"498","36","เจริญศิลป์","Charoen Sin","Y","0000-00-00 00:00:00","-","0000-00-00 00:00:00","-"
"499","36","โพนนาแก้ว","Phon Na Kaeo","Y","0000-00-00 00:00:00","-","0000-00-00 00:00:00","-"
"500","36","ภูพาน","Phu Phan","Y","0000-00-00 00:00:00","-","0000-00-00 00:00:00","-"
"501","37","เมืองนครพนม","Mueang Nakhon Phanom","Y","0000-00-00 00:00:00","-","0000-00-00 00:00:00","-"
"502","37","ปลาปาก","Pla Pak","Y","0000-00-00 00:00:00","-","0000-00-00 00:00:00","-"
"503","37","ท่าอุเทน","Tha Uthen","Y","0000-00-00 00:00:00","-","0000-00-00 00:00:00","-"
"504","37","บ้านแพง","Ban Phaeng","Y","0000-00-00 00:00:00","-","0000-00-00 00:00:00","-"
"505","37","ธาตุพนม","That Phanom","Y","0000-00-00 00:00:00","-","0000-00-00 00:00:00","-"
"506","37","เรณูนคร","Renu Nakhon","Y","0000-00-00 00:00:00","-","0000-00-00 00:00:00","-"
"507","37","นาแก","Na Kae","Y","0000-00-00 00:00:00","-","0000-00-00 00:00:00","-"
"508","37","ศรีสงคราม","Si Songkhram","Y","0000-00-00 00:00:00","-","0000-00-00 00:00:00","-"
"509","37","นาหว้า","Na Wa","Y","0000-00-00 00:00:00","-","0000-00-00 00:00:00","-"
"510","37","โพนสวรรค์","Phon Sawan","Y","0000-00-00 00:00:00","-","0000-00-00 00:00:00","-"
"511","37","นาทม","Na Thom","Y","0000-00-00 00:00:00","-","0000-00-00 00:00:00","-"
"512","37","วังยาง","Wang Yang","Y","0000-00-00 00:00:00","-","0000-00-00 00:00:00","-"
"513","38","เมืองมุกดาหาร","Mueang Mukdahan","Y","0000-00-00 00:00:00","-","0000-00-00 00:00:00","-"
"514","38","นิคมคำสร้อย","Nikhom Kham Soi","Y","0000-00-00 00:00:00","-","0000-00-00 00:00:00","-"
"515","38","ดอนตาล","Don Tan","Y","0000-00-00 00:00:00","-","0000-00-00 00:00:00","-"
"516","38","ดงหลวง","Don Tan","Y","0000-00-00 00:00:00","-","0000-00-00 00:00:00","-"
"517","38","คำชะอี","Khamcha-i","Y","0000-00-00 00:00:00","-","0000-00-00 00:00:00","-"
"518","38","ว่านใหญ่","Wan Yai","Y","0000-00-00 00:00:00","-","0000-00-00 00:00:00","-"
"519","38","หนองสูง","Nong Sung","Y","0000-00-00 00:00:00","-","0000-00-00 00:00:00","-"
"520","39","เมืองเชียงใหม่","Mueang Chiang Mai","Y","0000-00-00 00:00:00","-","0000-00-00 00:00:00","-"
"521","39","จอมทอง","Chom Thong","Y","0000-00-00 00:00:00","-","0000-00-00 00:00:00","-"
"522","39","แม่แจ่ม","Mae Chaem","Y","0000-00-00 00:00:00","-","0000-00-00 00:00:00","-"
"523","39","เชียงดาว","Chiang Dao","Y","0000-00-00 00:00:00","-","0000-00-00 00:00:00","-"
"524","39","ดอยสะเก็ด","Doi Saket","Y","0000-00-00 00:00:00","-","0000-00-00 00:00:00","-"
"525","39","แม่แตง","Mae Taeng","Y","0000-00-00 00:00:00","-","0000-00-00 00:00:00","-"
"526","39","แม่ริม","Mae Rim","Y","0000-00-00 00:00:00","-","0000-00-00 00:00:00","-"
"527","39","สะเมิง","Samoeng","Y","0000-00-00 00:00:00","-","0000-00-00 00:00:00","-"
"528","39","ฝาง","Fang","Y","0000-00-00 00:00:00","-","0000-00-00 00:00:00","-"
"529","39","แม่อาย","Mae Ai","Y","0000-00-00 00:00:00","-","0000-00-00 00:00:00","-"
"530","39","พร้าว","Phrao","Y","0000-00-00 00:00:00","-","0000-00-00 00:00:00","-"
"531","39","สันป่าตอง","San Pa Tong","Y","0000-00-00 00:00:00","-","0000-00-00 00:00:00","-"
"532","39","สันกำแพง","San Kamphaeng","Y","0000-00-00 00:00:00","-","0000-00-00 00:00:00","-"
"533","39","สันทราย","San Sai","Y","0000-00-00 00:00:00","-","0000-00-00 00:00:00","-"
"534","39","หางดง","Hang Dong","Y","0000-00-00 00:00:00","-","0000-00-00 00:00:00","-"
"535","39","ฮอด","Hot","Y","0000-00-00 00:00:00","-","0000-00-00 00:00:00","-"
"536","39","ดอยเต่า","Doi Tao","Y","0000-00-00 00:00:00","-","0000-00-00 00:00:00","-"
"537","39","อมก๋อย","Omkoi","Y","0000-00-00 00:00:00","-","0000-00-00 00:00:00","-"
"538","39","สารภี","Saraphi","Y","0000-00-00 00:00:00","-","0000-00-00 00:00:00","-"
"539","39","เวียงแหง","Wiang Haeng","Y","0000-00-00 00:00:00","-","0000-00-00 00:00:00","-"
"540","39","ไชยปราการ","Chai Prakan","Y","0000-00-00 00:00:00","-","0000-00-00 00:00:00","-"
"541","39","แม่วาง","Mae Wang","Y","0000-00-00 00:00:00","-","0000-00-00 00:00:00","-"
"542","39","แม่ออน","Mae On","Y","0000-00-00 00:00:00","-","0000-00-00 00:00:00","-"
"543","39","ดอยหล่อ","Doi Lo","Y","0000-00-00 00:00:00","-","0000-00-00 00:00:00","-"
"544","39","กัลยาณิวัฒนา","Kanlayaniwatthana","Y","0000-00-00 00:00:00","-","0000-00-00 00:00:00","-"
"545","40","เมืองลำพูน","Mueang Lamphun","Y","0000-00-00 00:00:00","-","0000-00-00 00:00:00","-"
"546","40","แม่ทา","Mae Tha","Y","0000-00-00 00:00:00","-","0000-00-00 00:00:00","-"
"547","40","บ้านโฮ่ง","Ban Hong","Y","0000-00-00 00:00:00","-","0000-00-00 00:00:00","-"
"548","40","ลี้","Li","Y","0000-00-00 00:00:00","-","0000-00-00 00:00:00","-"
"549","40","ทุ่งหัวช้าง","Thung Hua Chang","Y","0000-00-00 00:00:00","-","0000-00-00 00:00:00","-"
"550","40","ป่าซาง","Pa Sang","Y","0000-00-00 00:00:00","-","0000-00-00 00:00:00","-"
"551","40","บ้านธิ","Ban Thi","Y","0000-00-00 00:00:00","-","0000-00-00 00:00:00","-"
"552","40","เวียงหนองล่อง","Wiang Nong Long","Y","0000-00-00 00:00:00","-","0000-00-00 00:00:00","-"
"553","41","เมืองลำปาง","Mueang Lampang","Y","0000-00-00 00:00:00","-","0000-00-00 00:00:00","-"
"554","41","แม่เมาะ","Mae Mo","Y","0000-00-00 00:00:00","-","0000-00-00 00:00:00","-"
"555","41","เกาะคา","Ko kha","Y","0000-00-00 00:00:00","-","0000-00-00 00:00:00","-"
"556","41","เสริมงาม","Soem Ngam","Y","0000-00-00 00:00:00","-","0000-00-00 00:00:00","-"
"557","41","งาว","Ngao","Y","0000-00-00 00:00:00","-","0000-00-00 00:00:00","-"
"558","41","แจ้ห่ม","Chae Hom","Y","0000-00-00 00:00:00","-","0000-00-00 00:00:00","-"
"559","41","วังเหนือ","Wang Nuea","Y","0000-00-00 00:00:00","-","0000-00-00 00:00:00","-"
"560","41","เถิน","Thoen","Y","0000-00-00 00:00:00","-","0000-00-00 00:00:00","-"
"561","41","แม่พริก","Mae Phrik","Y","0000-00-00 00:00:00","-","0000-00-00 00:00:00","-"
"562","41","แม่ทะ","Mae Tha","Y","0000-00-00 00:00:00","-","0000-00-00 00:00:00","-"
"563","41","สบปราบ","Sop Prap","Y","0000-00-00 00:00:00","-","0000-00-00 00:00:00","-"
"564","41","ห้างฉัตร","Hang Chat","Y","0000-00-00 00:00:00","-","0000-00-00 00:00:00","-"
"565","41","เมืองปาน","Mueang Pan","Y","0000-00-00 00:00:00","-","0000-00-00 00:00:00","-"
"566","42","เมืองอุตรดิตถ์","Mueang Uttaradit","Y","0000-00-00 00:00:00","-","0000-00-00 00:00:00","-"
"567","42","ตรอน","Tron","Y","0000-00-00 00:00:00","-","0000-00-00 00:00:00","-"
"568","42","ท่าปลา","Tha Pla","Y","0000-00-00 00:00:00","-","0000-00-00 00:00:00","-"
"569","42","น้ำปาด","Nam Pat","Y","0000-00-00 00:00:00","-","0000-00-00 00:00:00","-"
"570","42","ฟากท่า","Fak Tha","Y","0000-00-00 00:00:00","-","0000-00-00 00:00:00","-"
"571","42","บ้านโคก","Ban Khok","Y","0000-00-00 00:00:00","-","0000-00-00 00:00:00","-"
"572","42","พิชัย","Phichai","Y","0000-00-00 00:00:00","-","0000-00-00 00:00:00","-"
"573","42","ลับแล","Laplae","Y","0000-00-00 00:00:00","-","0000-00-00 00:00:00","-"
"574","42","ทองแสนขัน","Thong Saen Khan","Y","0000-00-00 00:00:00","-","0000-00-00 00:00:00","-"
"575","43","เมืองแพร่","Mueang Phrae","Y","0000-00-00 00:00:00","-","0000-00-00 00:00:00","-"
"576","43","ร้องกวาง","Mueang Phrae","Y","0000-00-00 00:00:00","-","0000-00-00 00:00:00","-"
"577","43","ลอง","Long","Y","0000-00-00 00:00:00","-","0000-00-00 00:00:00","-"
"578","43","สูงเม่น","Sung Men","Y","0000-00-00 00:00:00","-","0000-00-00 00:00:00","-"
"579","43","เด่นชัย","Den Chai","Y","0000-00-00 00:00:00","-","0000-00-00 00:00:00","-"
"580","43","สอง","Song","Y","0000-00-00 00:00:00","-","0000-00-00 00:00:00","-"
"581","43","วังชิ้น","Wang Chin","Y","0000-00-00 00:00:00","-","0000-00-00 00:00:00","-"
"582","43","หนองม่วงไข่","Nong Muang Khai","Y","0000-00-00 00:00:00","-","0000-00-00 00:00:00","-"
"583","44","เมืองน่าน","Mueang Nan","Y","0000-00-00 00:00:00","-","0000-00-00 00:00:00","-"
"584","44","แม่จริม","Mae Charim","Y","0000-00-00 00:00:00","-","0000-00-00 00:00:00","-"
"585","44","บ้านหลวง","Ban Luang","Y","0000-00-00 00:00:00","-","0000-00-00 00:00:00","-"
"586","44","นาน้อย","Na Noi","Y","0000-00-00 00:00:00","-","0000-00-00 00:00:00","-"
"587","44","ปัว","Pua","Y","0000-00-00 00:00:00","-","0000-00-00 00:00:00","-"
"588","44","ท่าวังผา","Tha Wang Pha","Y","0000-00-00 00:00:00","-","0000-00-00 00:00:00","-"
"589","44","เวียงสา","Wiang Sa","Y","0000-00-00 00:00:00","-","0000-00-00 00:00:00","-"
"590","44","ทุ่งช้าง","Thung Chang","Y","0000-00-00 00:00:00","-","0000-00-00 00:00:00","-"
"591","44","เชียงกลาง","Chiang Klang","Y","0000-00-00 00:00:00","-","0000-00-00 00:00:00","-"
"592","44","นาหมื่น","Na Muen","Y","0000-00-00 00:00:00","-","0000-00-00 00:00:00","-"
"593","44","สันติสุข","Santi Suk","Y","0000-00-00 00:00:00","-","0000-00-00 00:00:00","-"
"594","44","บ่อเกลือ","Bo Kluea","Y","0000-00-00 00:00:00","-","0000-00-00 00:00:00","-"
"595","44","สองแคว","Song Khwae","Y","0000-00-00 00:00:00","-","0000-00-00 00:00:00","-"
"596","44","ภูเพียง","Phu Phiang","Y","0000-00-00 00:00:00","-","0000-00-00 00:00:00","-"
"597","44","เฉลิมพระเกียรติ","Chaloem Phra Kiet","Y","0000-00-00 00:00:00","-","0000-00-00 00:00:00","-"
"598","45","เมืองพะเยา","Mueang Phayao","Y","0000-00-00 00:00:00","-","0000-00-00 00:00:00","-"
"599","45","จุน","Mueang Phayao","Y","0000-00-00 00:00:00","-","0000-00-00 00:00:00","-"
"600","45","เชียงคำ","Mueang Phayao","Y","0000-00-00 00:00:00","-","0000-00-00 00:00:00","-"
"601","45","เชียงม่วน","Mueang Phayao","Y","0000-00-00 00:00:00","-","0000-00-00 00:00:00","-"
"602","45","ดอกคำใต้","Mueang Phayao","Y","0000-00-00 00:00:00","-","0000-00-00 00:00:00","-"
"603","45","ปง","Mueang Phayao","Y","0000-00-00 00:00:00","-","0000-00-00 00:00:00","-"
"604","45","แม่ใจ","Mueang Phayao","Y","0000-00-00 00:00:00","-","0000-00-00 00:00:00","-"
"605","45","ภูซาง","Mueang Phayao","Y","0000-00-00 00:00:00","-","0000-00-00 00:00:00","-"
"606","45","ภูกามยาว","Mueang Phayao","Y","0000-00-00 00:00:00","-","0000-00-00 00:00:00","-"
"607","46","เมืองเชียงราย","Mueang Chiang Rai","Y","0000-00-00 00:00:00","-","0000-00-00 00:00:00","-"
"608","46","เวียงชัย","Wiang Chai","Y","0000-00-00 00:00:00","-","0000-00-00 00:00:00","-"
"609","46","เชียงของ","Chiang Khong","Y","0000-00-00 00:00:00","-","0000-00-00 00:00:00","-"
"610","46","เทิง","Thoeng","Y","0000-00-00 00:00:00","-","0000-00-00 00:00:00","-"
"611","46","พาน","Phan","Y","0000-00-00 00:00:00","-","0000-00-00 00:00:00","-"
"612","46","ป่าแดด","Pa Daet","Y","0000-00-00 00:00:00","-","0000-00-00 00:00:00","-"
"613","46","แม่จัน","Mae Chan","Y","0000-00-00 00:00:00","-","0000-00-00 00:00:00","-"
"614","46","เชียงแสน","Chiang Saen","Y","0000-00-00 00:00:00","-","0000-00-00 00:00:00","-"
"615","46","แม่สาย","Mae Sai","Y","0000-00-00 00:00:00","-","0000-00-00 00:00:00","-"
"616","46","แม่สรวย","Mae Suai","Y","0000-00-00 00:00:00","-","0000-00-00 00:00:00","-"
"617","46","เวียงป่าเป้า","Wiang Pa Pao","Y","0000-00-00 00:00:00","-","0000-00-00 00:00:00","-"
"618","46","พญาเม็งราย","Phaya Mengrai","Y","0000-00-00 00:00:00","-","0000-00-00 00:00:00","-"
"619","46","เวียงแก่น","Wiang Kaen","Y","0000-00-00 00:00:00","-","0000-00-00 00:00:00","-"
"620","46","ขุนตาล","Khun Tan","Y","0000-00-00 00:00:00","-","0000-00-00 00:00:00","-"
"621","46","แม่ฟ้าหลวง","Mae Fa Luang","Y","0000-00-00 00:00:00","-","0000-00-00 00:00:00","-"
"622","46","แม่ลาว","Mae Lao","Y","0000-00-00 00:00:00","-","0000-00-00 00:00:00","-"
"623","46","เวียงเชียงรุ้ง","Wiang Chiang Rung","Y","0000-00-00 00:00:00","-","0000-00-00 00:00:00","-"
"624","46","ดอยหลวง","Doi Luang","Y","0000-00-00 00:00:00","-","0000-00-00 00:00:00","-"
"625","47","เมืองแม่ฮ่องสอน","Mueang Mae Hong Son","Y","0000-00-00 00:00:00","-","0000-00-00 00:00:00","-"
"626","47","ขุนยวม","Khun Yuam","Y","0000-00-00 00:00:00","-","0000-00-00 00:00:00","-"
"627","47","ปาย","Pai","Y","0000-00-00 00:00:00","-","0000-00-00 00:00:00","-"
"628","47","แม่สะเรียง","Mae Sariang","Y","0000-00-00 00:00:00","-","0000-00-00 00:00:00","-"
"629","47","แม่ลาน้อย","Mae La Noi","Y","0000-00-00 00:00:00","-","0000-00-00 00:00:00","-"
"630","47","สบเมย","Sop Moei","Y","0000-00-00 00:00:00","-","0000-00-00 00:00:00","-"
"631","47","ปางมะผ้า","Pang Mapha","Y","0000-00-00 00:00:00","-","0000-00-00 00:00:00","-"
"632","48","เมืองนครสวรรค์","Mueang Nakhon Sawan","Y","0000-00-00 00:00:00","-","0000-00-00 00:00:00","-"
"633","48","โกรกพระ","Krok Phra","Y","0000-00-00 00:00:00","-","0000-00-00 00:00:00","-"
"634","48","ชุมแสง","Chum Saeng","Y","0000-00-00 00:00:00","-","0000-00-00 00:00:00","-"
"635","48","หนองบัว","Nong Bua","Y","0000-00-00 00:00:00","-","0000-00-00 00:00:00","-"
"636","48","บรรพตพิสัย","Banphot Phisai","Y","0000-00-00 00:00:00","-","0000-00-00 00:00:00","-"
"637","48","เก้าเลี้ยว","Kao Liao","Y","0000-00-00 00:00:00","-","0000-00-00 00:00:00","-"
"638","48","ตาคลี","Takhli","Y","0000-00-00 00:00:00","-","0000-00-00 00:00:00","-"
"639","48","ท่าตะโก","Tha Tako","Y","0000-00-00 00:00:00","-","0000-00-00 00:00:00","-"
"640","48","ไพศาลี","Phaisali","Y","0000-00-00 00:00:00","-","0000-00-00 00:00:00","-"
"641","48","พยุหะคีรี","Phayuha Hkiri","Y","0000-00-00 00:00:00","-","0000-00-00 00:00:00","-"
"642","48","ลาดยาว","Lat Yao","Y","0000-00-00 00:00:00","-","0000-00-00 00:00:00","-"
"643","48","ตากฟ้า","Tak Fa","Y","0000-00-00 00:00:00","-","0000-00-00 00:00:00","-"
"644","48","แม่วงก์","Mae Wong","Y","0000-00-00 00:00:00","-","0000-00-00 00:00:00","-"
"645","48","แม่เปิน","Mae Pern","Y","0000-00-00 00:00:00","-","0000-00-00 00:00:00","-"
"646","48","ชุมตาบง","Chum Ta Bong","Y","0000-00-00 00:00:00","-","0000-00-00 00:00:00","-"
"647","49","เมืองอุทัยธานี","Mueang Uthai Thani","Y","0000-00-00 00:00:00","-","0000-00-00 00:00:00","-"
"648","49","ทัพทัน","Thap Than","Y","0000-00-00 00:00:00","-","0000-00-00 00:00:00","-"
"649","49","สว่างอารมณ์","Sawang Arom","Y","0000-00-00 00:00:00","-","0000-00-00 00:00:00","-"
"650","49","หนองฉาง","Nong Chang","Y","0000-00-00 00:00:00","-","0000-00-00 00:00:00","-"
"651","49","หนองขาหย่าง","Nong Khayang","Y","0000-00-00 00:00:00","-","0000-00-00 00:00:00","-"
"652","49","บ้านไร่","Ban Rai","Y","0000-00-00 00:00:00","-","0000-00-00 00:00:00","-"
"653","49","ลานสัก","Lan Sak","Y","0000-00-00 00:00:00","-","0000-00-00 00:00:00","-"
"654","49","ห้วยคต","Huai Khot","Y","0000-00-00 00:00:00","-","0000-00-00 00:00:00","-"
"655","50","เมืองกำแพงเพชร","Mueang Kamphaeng Phet","Y","0000-00-00 00:00:00","-","0000-00-00 00:00:00","-"
"656","50","ไทรงาม","Sai Ngam","Y","0000-00-00 00:00:00","-","0000-00-00 00:00:00","-"
"657","50","คลองลาน","Khlong Lan","Y","0000-00-00 00:00:00","-","0000-00-00 00:00:00","-"
"658","50","ขาณุวรลักษบุรี","Khanu Woralaksaburi","Y","0000-00-00 00:00:00","-","0000-00-00 00:00:00","-"
"659","50","คลองขลุง","Khlong Khlung","Y","0000-00-00 00:00:00","-","0000-00-00 00:00:00","-"
"660","50","พรานกระต่าย","Phran Kratai","Y","0000-00-00 00:00:00","-","0000-00-00 00:00:00","-"
"661","50","ลานกระบือ","Lan Krabue","Y","0000-00-00 00:00:00","-","0000-00-00 00:00:00","-"
"662","50","ทรายทองวัฒนา","Sai Thong Watthana","Y","0000-00-00 00:00:00","-","0000-00-00 00:00:00","-"
"663","50","ปางศิลาทอง","Pang Sila Thong","Y","0000-00-00 00:00:00","-","0000-00-00 00:00:00","-"
"664","50","บึงสามัคคี","Bueng Samakkhi","Y","0000-00-00 00:00:00","-","0000-00-00 00:00:00","-"
"665","50","โกสัมพีนคร","Kosamphi Nakhon","Y","0000-00-00 00:00:00","-","0000-00-00 00:00:00","-"
"666","51","เมืองตาก","Mueang Tak","Y","0000-00-00 00:00:00","-","2018-09-02 01:44:02","sa"
"667","51","บ้านตาก","Ban Tak","Y","0000-00-00 00:00:00","-","0000-00-00 00:00:00","-"
"668","51","สามเงา","Sam Ngao","Y","0000-00-00 00:00:00","-","0000-00-00 00:00:00","-"
"669","51","แม่ระมาด","Mae Ramat","Y","0000-00-00 00:00:00","-","0000-00-00 00:00:00","-"
"670","51","ท่าสองยาง","Tha Song Yang","Y","0000-00-00 00:00:00","-","0000-00-00 00:00:00","-"
"671","51","แม่สอด","Mae Sot","Y","0000-00-00 00:00:00","-","0000-00-00 00:00:00","-"
"672","51","พบพระ","Phop Phra","Y","0000-00-00 00:00:00","-","0000-00-00 00:00:00","-"
"673","51","อุ้มผาง","Um Phang","Y","0000-00-00 00:00:00","-","0000-00-00 00:00:00","-"
"674","51","วังเจ้า","Wang Chao","Y","0000-00-00 00:00:00","-","0000-00-00 00:00:00","-"
"675","52","เมืองสุโขทัย","Mueang Sukhothai","Y","0000-00-00 00:00:00","-","0000-00-00 00:00:00","-"
"676","52","บ้านด่านลานหอย","Ban Dan Lan Hoi","Y","0000-00-00 00:00:00","-","0000-00-00 00:00:00","-"
"677","52","คีรีมาศ","Khiri Mat","Y","0000-00-00 00:00:00","-","0000-00-00 00:00:00","-"
"678","52","กงไกรลาศ","Kong Krailat","Y","0000-00-00 00:00:00","-","0000-00-00 00:00:00","-"
"679","52","ศรีสัชนาลัย","Si Satchanalai","Y","0000-00-00 00:00:00","-","0000-00-00 00:00:00","-"
"680","52","ศรีสำโรง","Si Samrong","Y","0000-00-00 00:00:00","-","0000-00-00 00:00:00","-"
"681","52","สวรรคโลก","Sawankhalok","Y","0000-00-00 00:00:00","-","0000-00-00 00:00:00","-"
"682","52","ศรีนคร","Si Nakhon","Y","0000-00-00 00:00:00","-","0000-00-00 00:00:00","-"
"683","52","ทุ่งเสลี่ยม","Thung Saliam","Y","0000-00-00 00:00:00","-","0000-00-00 00:00:00","-"
"684","53","เมืองพิษณุโลก","Mueang Phitsanulok","Y","0000-00-00 00:00:00","-","0000-00-00 00:00:00","-"
"685","53","นครไทย","Nakhon Thai","Y","0000-00-00 00:00:00","-","0000-00-00 00:00:00","-"
"686","53","ชาติตระการ","Chat Trakan","Y","0000-00-00 00:00:00","-","0000-00-00 00:00:00","-"
"687","53","บางระกำ","Bang Rakam","Y","0000-00-00 00:00:00","-","0000-00-00 00:00:00","-"
"688","53","บางกระทุ่ม","Bang Krathum","Y","0000-00-00 00:00:00","-","0000-00-00 00:00:00","-"
"689","53","พรหมพิราม","Phrom Phiram","Y","0000-00-00 00:00:00","-","0000-00-00 00:00:00","-"
"690","53","วัดโบสถ์","Wat Bot","Y","0000-00-00 00:00:00","-","0000-00-00 00:00:00","-"
"691","53","วังทอง","Wang Thong","Y","0000-00-00 00:00:00","-","0000-00-00 00:00:00","-"
"692","53","เนินมะปราง","Noen Maprang","Y","0000-00-00 00:00:00","-","0000-00-00 00:00:00","-"
"693","54","เมืองพิจิตร","Mueang Phichit","Y","0000-00-00 00:00:00","-","0000-00-00 00:00:00","-"
"694","54","วังทรายพูน","Wang Sai Phun","Y","0000-00-00 00:00:00","-","0000-00-00 00:00:00","-"
"695","54","โพธิ์ประทับช้าง","Pho Prathap Chang","Y","0000-00-00 00:00:00","-","0000-00-00 00:00:00","-"
"696","54","ตะพานหิน","Taphan Hin","Y","0000-00-00 00:00:00","-","0000-00-00 00:00:00","-"
"697","54","บางมูลนาก","Bang Mun Nak","Y","0000-00-00 00:00:00","-","0000-00-00 00:00:00","-"
"698","54","โพทะเล","Pho Thale","Y","0000-00-00 00:00:00","-","0000-00-00 00:00:00","-"
"699","54","สามง่าม","Sam Ngam","Y","0000-00-00 00:00:00","-","0000-00-00 00:00:00","-"
"700","54","ทับคล้อ","Tap Khlo","Y","0000-00-00 00:00:00","-","0000-00-00 00:00:00","-"
"701","54","สากเหล็ก","Sak Lek","Y","0000-00-00 00:00:00","-","0000-00-00 00:00:00","-"
"702","54","บึงนาราง","Bueng Na Rang","Y","0000-00-00 00:00:00","-","0000-00-00 00:00:00","-"
"703","54","ดงเจริญ","Dong Charoen","Y","0000-00-00 00:00:00","-","0000-00-00 00:00:00","-"
"704","54","วชิรบารมี","Wachirabarami","Y","0000-00-00 00:00:00","-","0000-00-00 00:00:00","-"
"705","55","เมืองเพชรบูรณ์","Mueang Phetchabun","Y","0000-00-00 00:00:00","-","0000-00-00 00:00:00","-"
"706","55","ชนแดน","Chon Daen","Y","0000-00-00 00:00:00","-","0000-00-00 00:00:00","-"
"707","55","หล่มสัก","Lom Sak","Y","0000-00-00 00:00:00","-","0000-00-00 00:00:00","-"
"708","55","หล่มเก่า","Lom Kao","Y","0000-00-00 00:00:00","-","0000-00-00 00:00:00","-"
"709","55","วิเชียรบุรี","Wichian Buri","Y","0000-00-00 00:00:00","-","0000-00-00 00:00:00","-"
"710","55","ศรีเทพ","Si Thep","Y","0000-00-00 00:00:00","-","0000-00-00 00:00:00","-"
"711","55","หนองไผ่","Nong Phai","Y","0000-00-00 00:00:00","-","0000-00-00 00:00:00","-"
"712","55","บึงสามพัน","Bueng Sam Phan","Y","0000-00-00 00:00:00","-","0000-00-00 00:00:00","-"
"713","55","น้ำหนาว","Nam Nao","Y","0000-00-00 00:00:00","-","0000-00-00 00:00:00","-"
"714","55","วังโป่ง","Wang Pong","Y","0000-00-00 00:00:00","-","0000-00-00 00:00:00","-"
"715","55","เขาค้อ","Khao kho","Y","0000-00-00 00:00:00","-","0000-00-00 00:00:00","-"
"716","56","เมืองราชบุรี","Mueang Ratchaburi","Y","0000-00-00 00:00:00","-","0000-00-00 00:00:00","-"
"717","56","จอมบึง","Chom Bueng","Y","0000-00-00 00:00:00","-","0000-00-00 00:00:00","-"
"718","56","สวนผึ้ง","Suan Phueng","Y","0000-00-00 00:00:00","-","0000-00-00 00:00:00","-"
"719","56","ดำเนินสะดวก","Damnoen Saduak","Y","0000-00-00 00:00:00","-","0000-00-00 00:00:00","-"
"720","56","บ้านโป่ง","Ban Pong","Y","0000-00-00 00:00:00","-","0000-00-00 00:00:00","-"
"721","56","บางแพ","Bang Phae","Y","0000-00-00 00:00:00","-","0000-00-00 00:00:00","-"
"722","56","โพธาราม","Photharam","Y","0000-00-00 00:00:00","-","0000-00-00 00:00:00","-"
"723","56","ปากท่อ","Pak Tho","Y","0000-00-00 00:00:00","-","0000-00-00 00:00:00","-"
"724","56","วัดเพลง","Wat Phleng","Y","0000-00-00 00:00:00","-","0000-00-00 00:00:00","-"
"725","56","บ้านคา","Ban Kha","Y","0000-00-00 00:00:00","-","0000-00-00 00:00:00","-"
"726","57","เมืองกาญจนบุรี","Mueang Kanchanaburi","Y","0000-00-00 00:00:00","-","0000-00-00 00:00:00","-"
"727","57","ไทรโยค","Sai Yok","Y","0000-00-00 00:00:00","-","0000-00-00 00:00:00","-"
"728","57","บ่อพลอย","Bo Phloi","Y","0000-00-00 00:00:00","-","0000-00-00 00:00:00","-"
"729","57","ศรีสวัสดิ์","Si Sawat","Y","0000-00-00 00:00:00","-","0000-00-00 00:00:00","-"
"730","57","ท่ามะกา","Tha Maka","Y","0000-00-00 00:00:00","-","0000-00-00 00:00:00","-"
"731","57","ท่าม่วง","Tha Muang","Y","0000-00-00 00:00:00","-","0000-00-00 00:00:00","-"
"732","57","ทองผาภูมิ","Thong Pha Phum","Y","0000-00-00 00:00:00","-","0000-00-00 00:00:00","-"
"733","57","สังขละบุรี","Sangkhla Buri","Y","0000-00-00 00:00:00","-","0000-00-00 00:00:00","-"
"734","57","พนมทวน","Phanom Thuan","Y","0000-00-00 00:00:00","-","0000-00-00 00:00:00","-"
"735","57","เลาขวัญ","Lao Khwan","Y","0000-00-00 00:00:00","-","0000-00-00 00:00:00","-"
"736","57","ด่านมะขามเตี้ย","Dan Makham Tia","Y","0000-00-00 00:00:00","-","0000-00-00 00:00:00","-"
"737","57","หนองปรือ","Nong Prue","Y","0000-00-00 00:00:00","-","0000-00-00 00:00:00","-"
"738","57","ห้วยกระเจา","Huai Krachao","Y","0000-00-00 00:00:00","-","0000-00-00 00:00:00","-"
"739","58","เมืองสุพรรณบุรี","Mueang Saphan Buri","Y","0000-00-00 00:00:00","-","0000-00-00 00:00:00","-"
"740","58","เดิมบางนางบวช","Doem Bang Nang Buat","Y","0000-00-00 00:00:00","-","0000-00-00 00:00:00","-"
"741","58","ด่านช้าง","Dan Chang","Y","0000-00-00 00:00:00","-","0000-00-00 00:00:00","-"
"742","58","บางปลาม้า","Bang Pla Ma","Y","0000-00-00 00:00:00","-","0000-00-00 00:00:00","-"
"743","58","ศรีประจันต์","Si Prachan","Y","0000-00-00 00:00:00","-","0000-00-00 00:00:00","-"
"744","58","ดอนเจดีย์","Don Chedi","Y","0000-00-00 00:00:00","-","0000-00-00 00:00:00","-"
"745","58","สองพี่น้อง","Song Phi Nong","Y","0000-00-00 00:00:00","-","0000-00-00 00:00:00","-"
"746","58","สามชุก","Sam Chuk","Y","0000-00-00 00:00:00","-","0000-00-00 00:00:00","-"
"747","58","อู่ทอง","U Thong","Y","0000-00-00 00:00:00","-","0000-00-00 00:00:00","-"
"748","58","หนองหญ้าไซ","Nong Ya Sai","Y","0000-00-00 00:00:00","-","0000-00-00 00:00:00","-"
"749","59","เมืองนครปฐม","mueang Nakhon Pathom","Y","0000-00-00 00:00:00","-","0000-00-00 00:00:00","-"
"750","59","กำแพงแสน","Kamphaeng Saen","Y","0000-00-00 00:00:00","-","0000-00-00 00:00:00","-"
"751","59","นครชัยศรี","Nakhon Chai Si","Y","0000-00-00 00:00:00","-","0000-00-00 00:00:00","-"
"752","59","ดอนตูม","Don Tum","Y","0000-00-00 00:00:00","-","0000-00-00 00:00:00","-"
"753","59","บางเลน","Bang Len","Y","0000-00-00 00:00:00","-","0000-00-00 00:00:00","-"
"754","59","สามพราน","Sam Phran","Y","0000-00-00 00:00:00","-","0000-00-00 00:00:00","-"
"755","59","พุทธมณฑล","Phutthamonthon","Y","0000-00-00 00:00:00","-","0000-00-00 00:00:00","-"
"756","60","เมืองสมุทรสาคร","Mueang Samut Sakhon","Y","0000-00-00 00:00:00","-","0000-00-00 00:00:00","-"
"757","60","กระทุ่มแบน","Krathum Baen","Y","0000-00-00 00:00:00","-","0000-00-00 00:00:00","-"
"758","60","บ้านแพ้ว","Ban Phaeo","Y","0000-00-00 00:00:00","-","0000-00-00 00:00:00","-"
"759","61","เมืองสมุทรสงคราม","Mueang Samut Songkhram","Y","0000-00-00 00:00:00","-","0000-00-00 00:00:00","-"
"760","61","บางคนที","Bang Khonthi","Y","0000-00-00 00:00:00","-","0000-00-00 00:00:00","-"
"761","61","อัมพวา","Amphawa","Y","0000-00-00 00:00:00","-","0000-00-00 00:00:00","-"
"762","62","เมืองเพชรบุรี","Mueang Phetchaburi","Y","0000-00-00 00:00:00","-","0000-00-00 00:00:00","-"
"763","62","เขาย้อย","Khao Yoi","Y","0000-00-00 00:00:00","-","0000-00-00 00:00:00","-"
"764","62","หนองหญ้าปล้อง","Nong Ya Plong","Y","0000-00-00 00:00:00","-","0000-00-00 00:00:00","-"
"765","62","ชะอำ","Cha-am","Y","0000-00-00 00:00:00","-","0000-00-00 00:00:00","-"
"766","62","ท่ายาง","Tha Yang","Y","0000-00-00 00:00:00","-","0000-00-00 00:00:00","-"
"767","62","บ้านลาด","Ban Lat","Y","0000-00-00 00:00:00","-","0000-00-00 00:00:00","-"
"768","62","บ้านแหลม","Ban Laem","Y","0000-00-00 00:00:00","-","0000-00-00 00:00:00","-"
"769","62","แก่งกระจาน","Kaeng Krachan","Y","0000-00-00 00:00:00","-","0000-00-00 00:00:00","-"
"770","63","เมืองประจวบคีรีขันธ์","Mueang Prachuap Khiri Khan","Y","0000-00-00 00:00:00","-","0000-00-00 00:00:00","-"
"771","63","กุยบุรี","Kui Buri","Y","0000-00-00 00:00:00","-","0000-00-00 00:00:00","-"
"772","63","ทับสะแก","Thap Sakae","Y","0000-00-00 00:00:00","-","0000-00-00 00:00:00","-"
"773","63","บางสะพาน","Bang Saphan","Y","0000-00-00 00:00:00","-","0000-00-00 00:00:00","-"
"774","63","บางสะพานน้อย","Bang Saphan Noi","Y","0000-00-00 00:00:00","-","0000-00-00 00:00:00","-"
"775","63","ปราณบุรี","Pran Buri","Y","0000-00-00 00:00:00","-","0000-00-00 00:00:00","-"
"776","63","หัวหิน","Hua Hin","Y","0000-00-00 00:00:00","-","0000-00-00 00:00:00","-"
"777","63","สามร้อยยอด","Sam Roi Yot","Y","0000-00-00 00:00:00","-","0000-00-00 00:00:00","-"
"778","64","เมืองนครศรีธรรมราช","Mueang Nakhon Si Thammarat","Y","0000-00-00 00:00:00","-","0000-00-00 00:00:00","-"
"779","64","พรหมคีรี","Phrom Khiri","Y","0000-00-00 00:00:00","-","0000-00-00 00:00:00","-"
"780","64","ลานสกา","Lan Saka","Y","0000-00-00 00:00:00","-","0000-00-00 00:00:00","-"
"781","64","ฉวาง","Chawang","Y","0000-00-00 00:00:00","-","0000-00-00 00:00:00","-"
"782","64","พิปูน","Phipun","Y","0000-00-00 00:00:00","-","0000-00-00 00:00:00","-"
"783","64","เชียรใหญ่","Chian Yai","Y","0000-00-00 00:00:00","-","0000-00-00 00:00:00","-"
"784","64","ชะอวด","Cha-uat","Y","0000-00-00 00:00:00","-","0000-00-00 00:00:00","-"
"785","64","ท่าศาลา","Tha Sala","Y","0000-00-00 00:00:00","-","0000-00-00 00:00:00","-"
"786","64","ทุ่งสง","Thung Song","Y","0000-00-00 00:00:00","-","0000-00-00 00:00:00","-"
"787","64","นาบอน","Na Bon","Y","0000-00-00 00:00:00","-","0000-00-00 00:00:00","-"
"788","64","ทุ่งใหญ่","Thung Yai","Y","0000-00-00 00:00:00","-","0000-00-00 00:00:00","-"
"789","64","ปากพนัง","Pak Phanang","Y","0000-00-00 00:00:00","-","0000-00-00 00:00:00","-"
"790","64","ร่อนพิบูลย์","Ron Phibun","Y","0000-00-00 00:00:00","-","0000-00-00 00:00:00","-"
"791","64","สิชล","Sichon","Y","0000-00-00 00:00:00","-","0000-00-00 00:00:00","-"
"792","64","ขนอม","Khanom","Y","0000-00-00 00:00:00","-","0000-00-00 00:00:00","-"
"793","64","หัวไทร","Hua Sai","Y","0000-00-00 00:00:00","-","0000-00-00 00:00:00","-"
"794","64","บางขัน","Bang Khan","Y","0000-00-00 00:00:00","-","0000-00-00 00:00:00","-"
"795","64","ถ้ำพรรณรา","Tham Phannara","Y","0000-00-00 00:00:00","-","0000-00-00 00:00:00","-"
"796","64","จุฬาภรณ์","Chulabhorn","Y","0000-00-00 00:00:00","-","0000-00-00 00:00:00","-"
"797","64","พระพรหม","Phra Phrom","Y","0000-00-00 00:00:00","-","0000-00-00 00:00:00","-"
"798","64","นบพิตำ","Nopphitam","Y","0000-00-00 00:00:00","-","0000-00-00 00:00:00","-"
"799","64","ช้างกลาง","Chang Klang","Y","0000-00-00 00:00:00","-","0000-00-00 00:00:00","-"
"800","64","เฉลิมพระเกียรติ","Chaloem Phra Kiet","Y","0000-00-00 00:00:00","-","0000-00-00 00:00:00","-"
"801","65","เมืองกระบี่","Mueang Krabi","Y","0000-00-00 00:00:00","-","0000-00-00 00:00:00","-"
"802","65","เขาพนม","Khao Phanom","Y","0000-00-00 00:00:00","-","0000-00-00 00:00:00","-"
"803","65","เกาะลันตา","Ko Lanta","Y","0000-00-00 00:00:00","-","0000-00-00 00:00:00","-"
"804","65","คลองท่อม","Khlong Thom","Y","0000-00-00 00:00:00","-","0000-00-00 00:00:00","-"
"805","65","อ่าวลึก","Ao Luek","Y","0000-00-00 00:00:00","-","0000-00-00 00:00:00","-"
"806","65","ปลายพระยา","Plai Phraya","Y","0000-00-00 00:00:00","-","0000-00-00 00:00:00","-"
"807","65","ลำทับ","Lam Thap","Y","0000-00-00 00:00:00","-","0000-00-00 00:00:00","-"
"808","65","เหนือคลอง","Nuea Khlong","Y","0000-00-00 00:00:00","-","0000-00-00 00:00:00","-"
"809","66","เมืองพังงา","Mueang Phang-nga","Y","0000-00-00 00:00:00","-","0000-00-00 00:00:00","-"
"810","66","เกาะยาว","Ko Yao","Y","0000-00-00 00:00:00","-","0000-00-00 00:00:00","-"
"811","66","กะปง","Kapong","Y","0000-00-00 00:00:00","-","0000-00-00 00:00:00","-"
"812","66","ตะกั่วทุ่ง","Takua Thung","Y","0000-00-00 00:00:00","-","0000-00-00 00:00:00","-"
"813","66","ตะกั่วป่า","Takua Pa","Y","0000-00-00 00:00:00","-","0000-00-00 00:00:00","-"
"814","66","คุระบุรี","Khura Buri","Y","0000-00-00 00:00:00","-","0000-00-00 00:00:00","-"
"815","66","ทับปุด","Thap Put","Y","0000-00-00 00:00:00","-","0000-00-00 00:00:00","-"
"816","66","ท้ายเหมือง","Thai Mueang","Y","0000-00-00 00:00:00","-","0000-00-00 00:00:00","-"
"817","67","เมืองภูเก็ต","Mueang Phuket","Y","0000-00-00 00:00:00","-","0000-00-00 00:00:00","-"
"818","67","กะทู้","Kathu","Y","0000-00-00 00:00:00","-","0000-00-00 00:00:00","-"
"819","67","ถลาง","Thalang","Y","0000-00-00 00:00:00","-","0000-00-00 00:00:00","-"
"820","68","เมืองสุราษฎร์ธานี","Mueang Surat Thani","Y","0000-00-00 00:00:00","-","0000-00-00 00:00:00","-"
"821","68","กาญจนดิษฐ์","Kanchanadit","Y","0000-00-00 00:00:00","-","0000-00-00 00:00:00","-"
"822","68","ดอนสัก","Don Sak","Y","0000-00-00 00:00:00","-","0000-00-00 00:00:00","-"
"823","68","เกาะสมุย","Ko Samui","Y","0000-00-00 00:00:00","-","0000-00-00 00:00:00","-"
"824","68","เกาะพะงัน","Ko Pha-ngan","Y","0000-00-00 00:00:00","-","0000-00-00 00:00:00","-"
"825","68","ไชยา","Chaiya","Y","0000-00-00 00:00:00","-","0000-00-00 00:00:00","-"
"826","68","ท่าชนะ","Tha Chana","Y","0000-00-00 00:00:00","-","0000-00-00 00:00:00","-"
"827","68","คีรีรัฐนิคม","Khiri Rat Nikhom","Y","0000-00-00 00:00:00","-","0000-00-00 00:00:00","-"
"828","68","บ้านตาขุน","Ban Ta Khun","Y","0000-00-00 00:00:00","-","0000-00-00 00:00:00","-"
"829","68","พนม","Phanom","Y","0000-00-00 00:00:00","-","0000-00-00 00:00:00","-"
"830","68","ท่าฉาง","Tha Chang","Y","0000-00-00 00:00:00","-","0000-00-00 00:00:00","-"
"831","68","บ้านนาสาร","Ban Na San","Y","0000-00-00 00:00:00","-","0000-00-00 00:00:00","-"
"832","68","บ้านนาเดิม","Ban Na Doem","Y","0000-00-00 00:00:00","-","0000-00-00 00:00:00","-"
"833","68","เคียนซา","Khian Sa","Y","0000-00-00 00:00:00","-","0000-00-00 00:00:00","-"
"834","68","เวียงสระ","Wiang Sa","Y","0000-00-00 00:00:00","-","0000-00-00 00:00:00","-"
"835","68","พระแสง","Phrasaeng","Y","0000-00-00 00:00:00","-","0000-00-00 00:00:00","-"
"836","68","พุนพิน","Phunphin","Y","0000-00-00 00:00:00","-","0000-00-00 00:00:00","-"
"837","68","ชัยบุรี","Chai Buri","Y","0000-00-00 00:00:00","-","0000-00-00 00:00:00","-"
"838","68","วิภาวดี","Chai Buri","Y","0000-00-00 00:00:00","-","0000-00-00 00:00:00","-"
"839","69","เมืองระนอง","Mueang Ranong","Y","0000-00-00 00:00:00","-","0000-00-00 00:00:00","-"
"840","69","ละอุ่น","La-un","Y","0000-00-00 00:00:00","-","0000-00-00 00:00:00","-"
"841","69","กะเปอร์","Papoe","Y","0000-00-00 00:00:00","-","0000-00-00 00:00:00","-"
"842","69","กระบุรี","Kra Buri","Y","0000-00-00 00:00:00","-","0000-00-00 00:00:00","-"
"843","69","สุขสำราญ","Suk Samran","Y","0000-00-00 00:00:00","-","0000-00-00 00:00:00","-"
"844","70","เมืองชุมพร","Mueang Chumphon","Y","0000-00-00 00:00:00","-","0000-00-00 00:00:00","-"
"845","70","ท่าแซะ","Tha Sae","Y","0000-00-00 00:00:00","-","0000-00-00 00:00:00","-"
"846","70","ปะทิว","Pathio","Y","0000-00-00 00:00:00","-","0000-00-00 00:00:00","-"
"847","70","หลังสวน","Lang Suan","Y","0000-00-00 00:00:00","-","0000-00-00 00:00:00","-"
"848","70","ละแม","Lamae","Y","0000-00-00 00:00:00","-","0000-00-00 00:00:00","-"
"849","70","พะโต๊ะ","Phato","Y","0000-00-00 00:00:00","-","0000-00-00 00:00:00","-"
"850","70","สวี","Sawi","Y","0000-00-00 00:00:00","-","0000-00-00 00:00:00","-"
"851","70","ทุ่งตะโก","Thung Tako","Y","0000-00-00 00:00:00","-","0000-00-00 00:00:00","-"
"852","71","เมืองสงขลา","Muaeng Songkhla","Y","0000-00-00 00:00:00","-","0000-00-00 00:00:00","-"
"853","71","สทิงพระ","Sathing Phra","Y","0000-00-00 00:00:00","-","0000-00-00 00:00:00","-"
"854","71","จะนะ","Chana","Y","0000-00-00 00:00:00","-","0000-00-00 00:00:00","-"
"855","71","นาทวี","Na Thawi","Y","0000-00-00 00:00:00","-","0000-00-00 00:00:00","-"
"856","71","เทพา","Thepha","Y","0000-00-00 00:00:00","-","0000-00-00 00:00:00","-"
"857","71","สะบ้าย้อย","Saba Yoi","Y","0000-00-00 00:00:00","-","0000-00-00 00:00:00","-"
"858","71","ระโนด","Ranot","Y","0000-00-00 00:00:00","-","0000-00-00 00:00:00","-"
"859","71","กระแสสินธุ์","Krasae Sin","Y","0000-00-00 00:00:00","-","0000-00-00 00:00:00","-"
"860","71","รัตภูมิ","Rattaphum","Y","0000-00-00 00:00:00","-","0000-00-00 00:00:00","-"
"861","71","สะเดา","Sadao","Y","0000-00-00 00:00:00","-","0000-00-00 00:00:00","-"
"862","71","หาดใหญ่","Hat Yai","Y","0000-00-00 00:00:00","-","0000-00-00 00:00:00","-"
"863","71","นาหม่อม","Na Mom","Y","0000-00-00 00:00:00","-","0000-00-00 00:00:00","-"
"864","71","ควนเนียง","Khuan Niang","Y","0000-00-00 00:00:00","-","0000-00-00 00:00:00","-"
"865","71","บางกล่ำ","Bang Klam","Y","0000-00-00 00:00:00","-","0000-00-00 00:00:00","-"
"866","71","สิงหนคร","Singhanakhon","Y","0000-00-00 00:00:00","-","0000-00-00 00:00:00","-"
"867","71","คลองหอยโข่ง","Khlong Hoi Khong","Y","0000-00-00 00:00:00","-","0000-00-00 00:00:00","-"
"868","72","เมืองสตูล","Mueang Satun","Y","0000-00-00 00:00:00","-","0000-00-00 00:00:00","-"
"869","72","ควนโดน","Khuan Don","Y","0000-00-00 00:00:00","-","0000-00-00 00:00:00","-"
"870","72","ควนกาหลง","Khuan Kalong","Y","0000-00-00 00:00:00","-","0000-00-00 00:00:00","-"
"871","72","ท่าแพ","Tha Phae","Y","0000-00-00 00:00:00","-","0000-00-00 00:00:00","-"
"872","72","ละงู","La-ngu","Y","0000-00-00 00:00:00","-","0000-00-00 00:00:00","-"
"873","72","ทุ่งหว้า","Thung  Wa","Y","0000-00-00 00:00:00","-","0000-00-00 00:00:00","-"
"874","72","มะนัง","Manang","Y","0000-00-00 00:00:00","-","0000-00-00 00:00:00","-"
"875","73","เมืองตรัง","Mueang Trang","Y","0000-00-00 00:00:00","-","0000-00-00 00:00:00","-"
"876","73","กันตัง","Kantang","Y","0000-00-00 00:00:00","-","0000-00-00 00:00:00","-"
"877","73","ย่านตาขาว","Yan Ta Khao","Y","0000-00-00 00:00:00","-","0000-00-00 00:00:00","-"
"878","73","ปะเหลียน","Palian","Y","0000-00-00 00:00:00","-","0000-00-00 00:00:00","-"
"879","73","สิเกา","Sikao","Y","0000-00-00 00:00:00","-","0000-00-00 00:00:00","-"
"880","73","ห้วยยอด","Huai Yot","Y","0000-00-00 00:00:00","-","0000-00-00 00:00:00","-"
"881","73","วังวิเศษ","Wang Wiset","Y","0000-00-00 00:00:00","-","0000-00-00 00:00:00","-"
"882","73","นาโยง","Na Yong","Y","0000-00-00 00:00:00","-","0000-00-00 00:00:00","-"
"883","73","รัษฎา","Ratsada","Y","0000-00-00 00:00:00","-","0000-00-00 00:00:00","-"
"884","73","หาดสำราญ","Hat Samran","Y","0000-00-00 00:00:00","-","0000-00-00 00:00:00","-"
"885","74","เมืองพัทลุง","Mueang Phatthalung","Y","0000-00-00 00:00:00","-","0000-00-00 00:00:00","-"
"886","74","กงหรา","Kong Ra","Y","0000-00-00 00:00:00","-","0000-00-00 00:00:00","-"
"887","74","เขาชัยสน","Khao Chaison","Y","0000-00-00 00:00:00","-","0000-00-00 00:00:00","-"
"888","74","ตะโหมด","Tamot","Y","0000-00-00 00:00:00","-","0000-00-00 00:00:00","-"
"889","74","ควนขนุน","Khuan Khanun","Y","0000-00-00 00:00:00","-","0000-00-00 00:00:00","-"
"890","74","ปากพะยูน","Pak Phayun","Y","0000-00-00 00:00:00","-","0000-00-00 00:00:00","-"
"891","74","ศรีบรรพต","Si Banphot","Y","0000-00-00 00:00:00","-","0000-00-00 00:00:00","-"
"892","74","ป่าบอน","Pa Bon","Y","0000-00-00 00:00:00","-","0000-00-00 00:00:00","-"
"893","74","บางแก้ว","Bang Kaeo","Y","0000-00-00 00:00:00","-","0000-00-00 00:00:00","-"
"894","74","ป่าพยอม","Pa Phayom","Y","0000-00-00 00:00:00","-","0000-00-00 00:00:00","-"
"895","74","ศรีนครินทร์","Srinagarindra","Y","0000-00-00 00:00:00","-","0000-00-00 00:00:00","-"
"896","75","เมืองปัตตานี","Mueang Pattani","Y","0000-00-00 00:00:00","-","0000-00-00 00:00:00","-"
"897","75","โคกโพธิ์","Khok Pho","Y","0000-00-00 00:00:00","-","0000-00-00 00:00:00","-"
"898","75","หนองจิก","Nong Chik","Y","0000-00-00 00:00:00","-","0000-00-00 00:00:00","-"
"899","75","ปะนาเระ","Panare","Y","0000-00-00 00:00:00","-","0000-00-00 00:00:00","-"
"900","75","มายอ","Mayo","Y","0000-00-00 00:00:00","-","0000-00-00 00:00:00","-"
"901","75","ทุ่งยางแดง","Thung Yang Daeng","Y","0000-00-00 00:00:00","-","0000-00-00 00:00:00","-"
"902","75","สายบุรี","Sai Buri","Y","0000-00-00 00:00:00","-","0000-00-00 00:00:00","-"
"903","75","ไม้แก่น","Mai Kaen","Y","0000-00-00 00:00:00","-","0000-00-00 00:00:00","-"
"904","75","ยะหริ่ง","Yaring","Y","0000-00-00 00:00:00","-","0000-00-00 00:00:00","-"
"905","75","ยะรัง","Yarang","Y","0000-00-00 00:00:00","-","0000-00-00 00:00:00","-"
"906","75","กะพ้อ","Kapho","Y","0000-00-00 00:00:00","-","0000-00-00 00:00:00","-"
"907","75","แม่ลาน","Mae Lan","Y","0000-00-00 00:00:00","-","0000-00-00 00:00:00","-"
"908","76","เมืองยะลา","Mueang Yala","Y","0000-00-00 00:00:00","-","0000-00-00 00:00:00","-"
"909","76","เบตง","Betong","Y","0000-00-00 00:00:00","-","0000-00-00 00:00:00","-"
"910","76","บันนังสตา","Bannang Sata","Y","0000-00-00 00:00:00","-","0000-00-00 00:00:00","-"
"911","76","ธารโต","Than To","Y","0000-00-00 00:00:00","-","0000-00-00 00:00:00","-"
"912","76","ยะหา","Yaha","Y","0000-00-00 00:00:00","-","0000-00-00 00:00:00","-"
"913","76","รามัน","Raman","Y","0000-00-00 00:00:00","-","0000-00-00 00:00:00","-"
"914","76","กาบัง","Kabang","Y","0000-00-00 00:00:00","-","0000-00-00 00:00:00","-"
"915","76","กรงปีนัง","Krong Pinang","Y","0000-00-00 00:00:00","-","0000-00-00 00:00:00","-"
"916","77","เมืองนราธิวาส","Mueang Narathiwat","Y","0000-00-00 00:00:00","-","0000-00-00 00:00:00","-"
"917","77","ตากใบ","Tak Bai","Y","0000-00-00 00:00:00","-","0000-00-00 00:00:00","-"
"918","77","บาเจาะ","Tak Bai","Y","0000-00-00 00:00:00","-","0000-00-00 00:00:00","-"
"919","77","ยี่งอ","Yi-ngo","Y","0000-00-00 00:00:00","-","0000-00-00 00:00:00","-"
"920","77","ระแงะ","Ra-ngae","Y","0000-00-00 00:00:00","-","0000-00-00 00:00:00","-"
"921","77","รือเสาะ","Rueso","Y","0000-00-00 00:00:00","-","0000-00-00 00:00:00","-"
"922","77","ศรีสาคร","Si Sakhon","Y","0000-00-00 00:00:00","-","0000-00-00 00:00:00","-"
"923","77","แว้ง","Waeng","Y","0000-00-00 00:00:00","-","0000-00-00 00:00:00","-"
"924","77","สุคิริน","Sukhirin","Y","0000-00-00 00:00:00","-","0000-00-00 00:00:00","-"
"925","77","สุไหงโก-ลก","Su-ngai Kolok","Y","0000-00-00 00:00:00","-","0000-00-00 00:00:00","-"
"926","77","สุไหงปาดี","Su-ngai Padi","Y","0000-00-00 00:00:00","-","0000-00-00 00:00:00","-"
"927","77","จะแนะ","Chanae","Y","0000-00-00 00:00:00","-","0000-00-00 00:00:00","-"
"928","77","เจาะไอร้อง","Cho-airong","Y","0000-00-00 00:00:00","-","0000-00-00 00:00:00","-"
